JvmtiExport can_access_local_variables 0
JvmtiExport can_hotswap_or_post_breakpoint 0
JvmtiExport can_post_on_exceptions 0
# 238 ciObject found
instanceKlass org/apache/maven/internal/aether/DefaultRepositorySystemSessionFactory
instanceKlass org/apache/maven/extension/internal/CoreExportsProvider
instanceKlass org/apache/maven/plugin/MojoExecution
instanceKlass org/apache/maven/project/MavenProject
instanceKlass org/apache/maven/execution/scope/internal/MojoExecutionScope$ScopeState
instanceKlass org/apache/maven/execution/MojoExecutionEvent
instanceKlass org/apache/maven/execution/scope/MojoExecutionScoped
instanceKlass com/google/inject/RestrictedBindingSource$Permit
instanceKlass org/apache/maven/execution/scope/internal/MojoExecutionScope$1
instanceKlass org/apache/maven/execution/scope/internal/MojoExecutionScope
instanceKlass org/apache/maven/execution/MojoExecutionListener
instanceKlass org/eclipse/sisu/space/QualifiedTypeBinder$$Lambda$65
instanceKlass org/apache/maven/execution/DefaultMavenExecutionRequestPopulator
instanceKlass org/apache/maven/execution/MavenExecutionRequestPopulator
instanceKlass org/apache/maven/classrealm/DefaultClassRealmManager
instanceKlass org/apache/maven/classrealm/ClassRealmManager
instanceKlass org/apache/maven/SessionScoped
instanceKlass org/apache/maven/ReactorReader
instanceKlass org/apache/maven/repository/internal/MavenWorkspaceReader
instanceKlass org/eclipse/aether/repository/WorkspaceReader
instanceKlass org/apache/maven/DefaultArtifactFilterManager
instanceKlass org/apache/maven/ArtifactFilterManager
instanceKlass org/eclipse/sisu/space/WildcardKey$QualifiedImpl
instanceKlass org/eclipse/sisu/space/WildcardKey$Qualified
instanceKlass org/eclipse/sisu/space/WildcardKey
instanceKlass org/eclipse/sisu/Typed
instanceKlass org/sonatype/inject/EagerSingleton
instanceKlass org/eclipse/sisu/EagerSingleton
instanceKlass org/sonatype/inject/Mediator
instanceKlass org/eclipse/sisu/inject/TypeArguments
instanceKlass org/eclipse/m2e/internal/maven/listener/M2EMavenBuildDataBridge
instanceKlass org/apache/maven/eventspy/EventSpy
instanceKlass org/objectweb/asm/Context
instanceKlass org/objectweb/asm/Attribute
instanceKlass org/objectweb/asm/AnnotationVisitor
instanceKlass org/objectweb/asm/ClassReader
instanceKlass org/eclipse/sisu/space/IndexedClassFinder$1
instanceKlass org/eclipse/sisu/inject/Logs$SLF4JSink
instanceKlass org/eclipse/sisu/inject/Logs$Sink
instanceKlass org/eclipse/sisu/inject/Logs
instanceKlass org/eclipse/sisu/space/QualifierCache
instanceKlass org/eclipse/sisu/space/QualifiedTypeVisitor
instanceKlass org/eclipse/sisu/plexus/PlexusTypeVisitor$ComponentAnnotationVisitor
instanceKlass org/eclipse/sisu/space/AnnotationVisitor
instanceKlass org/eclipse/sisu/plexus/PlexusTypeVisitor
instanceKlass org/eclipse/sisu/space/ClassVisitor
instanceKlass org/eclipse/sisu/plexus/PlexusXmlBeanModule$PlexusXmlBeanSource
instanceKlass org/eclipse/sisu/inject/DescriptionSource
instanceKlass org/eclipse/sisu/inject/AnnotatedSource
instanceKlass org/eclipse/sisu/Priority
instanceKlass org/eclipse/sisu/Hidden
instanceKlass org/eclipse/sisu/Description
instanceKlass org/eclipse/sisu/inject/Sources
instanceKlass com/google/inject/Key$AnnotationInstanceStrategy
instanceKlass com/google/inject/name/NamedImpl
instanceKlass com/google/inject/name/Named
instanceKlass com/google/inject/name/Names
instanceKlass com/google/inject/internal/MoreTypes$ParameterizedTypeImpl
instanceKlass sun/reflect/generics/reflectiveObjects/ParameterizedTypeImpl
instanceKlass sun/reflect/generics/reflectiveObjects/LazyReflectiveObjectGenerator
instanceKlass org/apache/maven/wagon/Wagon
instanceKlass org/apache/maven/toolchain/ToolchainsBuilder
instanceKlass org/apache/maven/toolchain/ToolchainManagerPrivate
instanceKlass org/apache/maven/toolchain/ToolchainManager
instanceKlass org/apache/maven/toolchain/ToolchainFactory
instanceKlass org/apache/maven/settings/MavenSettingsBuilder
instanceKlass org/apache/maven/rtinfo/RuntimeInformation
instanceKlass org/apache/maven/project/artifact/ProjectArtifactsCache
instanceKlass org/apache/maven/project/artifact/MavenMetadataCache
instanceKlass org/apache/maven/project/ProjectRealmCache
instanceKlass org/apache/maven/project/ProjectDependenciesResolver
instanceKlass org/apache/maven/project/ProjectBuildingHelper
instanceKlass org/apache/maven/project/ProjectBuilder
instanceKlass org/apache/maven/project/MavenProjectHelper
instanceKlass org/apache/maven/plugin/version/PluginVersionResolver
instanceKlass org/apache/maven/plugin/prefix/PluginPrefixResolver
instanceKlass org/apache/maven/plugin/internal/PluginDependenciesResolver
instanceKlass org/apache/maven/plugin/PluginRealmCache
instanceKlass org/apache/maven/plugin/PluginManager
instanceKlass org/apache/maven/plugin/PluginDescriptorCache
instanceKlass org/apache/maven/plugin/PluginArtifactsCache
instanceKlass org/apache/maven/plugin/MavenPluginManager
instanceKlass org/apache/maven/plugin/LegacySupport
instanceKlass org/apache/maven/plugin/ExtensionRealmCache
instanceKlass org/apache/maven/plugin/BuildPluginManager
instanceKlass org/apache/maven/model/plugin/LifecycleBindingsInjector
instanceKlass org/apache/maven/lifecycle/internal/builder/BuilderCommon
instanceKlass org/apache/maven/lifecycle/internal/builder/Builder
instanceKlass org/apache/maven/lifecycle/internal/MojoExecutor
instanceKlass org/apache/maven/lifecycle/internal/MojoDescriptorCreator
instanceKlass org/apache/maven/lifecycle/internal/LifecycleTaskSegmentCalculator
instanceKlass org/apache/maven/lifecycle/internal/LifecycleStarter
instanceKlass org/apache/maven/lifecycle/internal/LifecyclePluginResolver
instanceKlass org/apache/maven/lifecycle/internal/LifecycleModuleBuilder
instanceKlass org/apache/maven/lifecycle/internal/LifecycleExecutionPlanCalculator
instanceKlass org/apache/maven/lifecycle/internal/LifecycleDebugLogger
instanceKlass org/apache/maven/lifecycle/internal/ExecutionEventCatapult
instanceKlass org/apache/maven/lifecycle/internal/BuildListCalculator
instanceKlass org/apache/maven/lifecycle/MojoExecutionConfigurator
instanceKlass org/apache/maven/lifecycle/LifecycleMappingDelegate
instanceKlass org/apache/maven/lifecycle/LifecycleExecutor
instanceKlass org/apache/maven/lifecycle/LifeCyclePluginAnalyzer
instanceKlass org/apache/maven/lifecycle/DefaultLifecycles
instanceKlass org/apache/maven/graph/GraphBuilder
instanceKlass org/apache/maven/eventspy/internal/EventSpyDispatcher
instanceKlass org/apache/maven/configuration/BeanConfigurator
instanceKlass org/apache/maven/bridge/MavenRepositorySystem
instanceKlass org/apache/maven/artifact/resolver/ResolutionErrorHandler
instanceKlass org/apache/maven/artifact/repository/metadata/io/MetadataReader
instanceKlass org/apache/maven/artifact/metadata/ArtifactMetadataSource
instanceKlass org/apache/maven/repository/legacy/metadata/ArtifactMetadataSource
instanceKlass org/apache/maven/artifact/handler/manager/ArtifactHandlerManager
instanceKlass org/apache/maven/artifact/factory/ArtifactFactory
instanceKlass org/apache/maven/ProjectDependenciesResolver
instanceKlass org/apache/maven/Maven
instanceKlass org/apache/maven/artifact/handler/ArtifactHandler
instanceKlass org/apache/maven/lifecycle/Lifecycle
instanceKlass org/eclipse/sisu/space/CloningClassSpace$1
instanceKlass org/apache/maven/lifecycle/mapping/LifecycleMapping
instanceKlass java/util/IdentityHashMap$IdentityHashMapIterator
instanceKlass org/apache/maven/repository/metadata/GraphConflictResolver
instanceKlass org/apache/maven/repository/metadata/GraphConflictResolutionPolicy
instanceKlass org/eclipse/sisu/plexus/ConfigurationImpl
instanceKlass org/apache/maven/repository/metadata/ClasspathTransformation
instanceKlass org/apache/maven/repository/legacy/resolver/transform/ArtifactTransformationManager
instanceKlass org/apache/maven/repository/legacy/resolver/transform/ArtifactTransformation
instanceKlass org/apache/maven/repository/legacy/resolver/conflict/ConflictResolverFactory
instanceKlass org/apache/maven/repository/legacy/resolver/conflict/ConflictResolver
instanceKlass org/apache/maven/repository/legacy/repository/ArtifactRepositoryFactory
instanceKlass org/apache/maven/repository/legacy/UpdateCheckManager
instanceKlass org/apache/maven/repository/RepositorySystem
instanceKlass org/apache/maven/repository/MirrorSelector
instanceKlass org/apache/maven/project/validation/ModelValidator
instanceKlass org/apache/maven/project/path/PathTranslator
instanceKlass org/apache/maven/project/interpolation/ModelInterpolator
instanceKlass org/apache/maven/project/inheritance/ModelInheritanceAssembler
instanceKlass org/apache/maven/project/MavenProjectBuilder
instanceKlass org/apache/maven/profiles/MavenProfilesBuilder
instanceKlass org/apache/maven/execution/RuntimeInformation
instanceKlass org/apache/maven/artifact/resolver/ArtifactResolver
instanceKlass org/apache/maven/artifact/resolver/ArtifactCollector
instanceKlass org/apache/maven/repository/legacy/resolver/LegacyArtifactCollector
instanceKlass org/apache/maven/artifact/repository/metadata/RepositoryMetadataManager
instanceKlass org/apache/maven/artifact/repository/layout/ArtifactRepositoryLayout
instanceKlass org/apache/maven/artifact/repository/ArtifactRepositoryFactory
instanceKlass org/apache/maven/artifact/manager/WagonManager
instanceKlass org/apache/maven/repository/legacy/WagonManager
instanceKlass org/apache/maven/artifact/installer/ArtifactInstaller
instanceKlass org/eclipse/sisu/plexus/PlexusXmlMetadata
instanceKlass org/eclipse/sisu/plexus/Roles
instanceKlass org/apache/maven/artifact/deployer/ArtifactDeployer
instanceKlass org/eclipse/sisu/plexus/Hints
instanceKlass org/eclipse/sisu/space/AbstractDeferredClass
instanceKlass org/eclipse/sisu/plexus/RequirementImpl
instanceKlass org/codehaus/plexus/component/annotations/Requirement
instanceKlass org/eclipse/sisu/space/Streams
instanceKlass org/eclipse/sisu/plexus/ComponentImpl
instanceKlass org/codehaus/plexus/component/annotations/Component
instanceKlass org/eclipse/sisu/plexus/PlexusTypeRegistry
instanceKlass org/eclipse/sisu/plexus/PlexusXmlScanner
instanceKlass org/eclipse/sisu/space/QualifiedTypeBinder
instanceKlass org/eclipse/sisu/plexus/PlexusTypeBinder
instanceKlass com/google/inject/spi/InjectionRequest
instanceKlass org/eclipse/sisu/bean/BeanProperty
instanceKlass com/google/common/collect/ObjectArrays
instanceKlass com/google/inject/internal/Nullability
instanceKlass com/google/inject/internal/KotlinSupport$KotlinUnsupported$$Lambda$64
instanceKlass java/lang/invoke/LambdaForm$DMH
instanceKlass com/google/inject/internal/KotlinSupport$KotlinUnsupported
instanceKlass com/google/inject/internal/KotlinSupport$KotlinSupportHolder
instanceKlass com/google/inject/internal/KotlinSupportInterface
instanceKlass com/google/inject/internal/KotlinSupport
instanceKlass com/google/inject/spi/InjectionPoint$OverrideIndex
instanceKlass org/eclipse/sisu/inject/RankedBindings
instanceKlass org/eclipse/sisu/Mediator
instanceKlass sun/reflect/generics/tree/TypeVariableSignature
instanceKlass com/google/inject/Inject
instanceKlass javax/inject/Inject
instanceKlass com/google/inject/internal/DeclaredMembers$$Lambda$63
instanceKlass com/google/inject/internal/DeclaredMembers$$Lambda$62
instanceKlass com/google/inject/internal/DeclaredMembers$$Lambda$61
instanceKlass com/google/inject/internal/DeclaredMembers$$Lambda$60
instanceKlass java/lang/reflect/WildcardType
instanceKlass java/lang/reflect/TypeVariable
instanceKlass com/google/inject/spi/InjectionPoint$InjectableMembers
instanceKlass com/google/inject/spi/InjectionPoint$InjectableMember
instanceKlass com/google/inject/spi/InjectionPoint
instanceKlass java/lang/reflect/ParameterizedType
instanceKlass com/google/inject/internal/MoreTypes$GenericArrayTypeImpl
instanceKlass com/google/inject/internal/MoreTypes$CompositeType
instanceKlass com/google/inject/Key$AnnotationTypeStrategy
instanceKlass com/google/common/util/concurrent/AbstractFuture$Failure
instanceKlass com/google/common/util/concurrent/AbstractFuture$Cancellation
instanceKlass com/google/common/util/concurrent/AbstractFuture$DelegatingToFuture
instanceKlass com/google/common/util/concurrent/Platform
instanceKlass com/google/common/util/concurrent/Uninterruptibles
instanceKlass com/google/common/util/concurrent/AbstractFuture$Listener
instanceKlass com/google/common/util/concurrent/AbstractFutureState$Waiter
instanceKlass com/google/common/util/concurrent/LazyLogger
instanceKlass java/util/concurrent/Executor
instanceKlass com/google/common/util/concurrent/AbstractFutureState$AtomicHelper
instanceKlass com/google/common/util/concurrent/internal/InternalFutureFailureAccess
instanceKlass com/google/common/util/concurrent/AbstractFuture$Trusted
instanceKlass com/google/common/util/concurrent/ListenableFuture
instanceKlass sun/reflect/annotation/AnnotationParser$$Lambda$59
instanceKlass java/lang/annotation/Documented
instanceKlass java/lang/annotation/Target
instanceKlass javax/inject/Named
instanceKlass javax/inject/Qualifier
instanceKlass com/google/inject/BindingAnnotation
instanceKlass javax/inject/Scope
instanceKlass com/google/inject/ScopeAnnotation
instanceKlass com/google/inject/internal/Annotations$AnnotationChecker
instanceKlass java/lang/reflect/Proxy$ProxyBuilder$1
instanceKlass java/lang/reflect/ProxyGenerator$ExceptionTableEntry
instanceKlass java/lang/reflect/ProxyGenerator$PrimitiveTypeInfo
instanceKlass java/lang/reflect/ProxyGenerator$FieldInfo
instanceKlass java/lang/reflect/ProxyGenerator$ConstantPool$Entry
instanceKlass java/lang/reflect/ProxyGenerator$MethodInfo
instanceKlass java/lang/reflect/ProxyGenerator$ProxyMethod
instanceKlass java/lang/reflect/ProxyGenerator$ConstantPool
instanceKlass java/lang/reflect/ProxyGenerator
instanceKlass java/lang/reflect/Proxy$$Lambda$58
instanceKlass java/lang/PublicMethods
instanceKlass java/util/Collections$1
instanceKlass java/lang/reflect/Proxy$ProxyBuilder
instanceKlass java/lang/reflect/Proxy$$Lambda$57
instanceKlass java/lang/reflect/Proxy
instanceKlass sun/reflect/annotation/AnnotationInvocationHandler
instanceKlass sun/reflect/annotation/AnnotationParser$1
instanceKlass sun/reflect/annotation/ExceptionProxy
instanceKlass java/lang/annotation/Inherited
instanceKlass java/lang/annotation/Retention
instanceKlass sun/reflect/annotation/AnnotationType$1
instanceKlass sun/reflect/annotation/AnnotationType
instanceKlass java/lang/reflect/GenericArrayType
instanceKlass sun/reflect/generics/visitor/Reifier
instanceKlass sun/reflect/generics/visitor/TypeTreeVisitor
instanceKlass sun/reflect/generics/factory/CoreReflectionFactory
instanceKlass sun/reflect/generics/factory/GenericsFactory
instanceKlass sun/reflect/generics/scope/AbstractScope
instanceKlass sun/reflect/generics/scope/Scope
instanceKlass com/google/inject/internal/Annotations$TestAnnotation
instanceKlass com/google/inject/internal/Annotations$AnnotationToStringConfig
instanceKlass com/google/common/base/Joiner$MapJoiner
instanceKlass com/google/common/base/Joiner
instanceKlass java/lang/reflect/InvocationHandler
instanceKlass com/google/inject/internal/Annotations
instanceKlass org/eclipse/sisu/Parameters
instanceKlass org/eclipse/sisu/wire/ParameterKeys
instanceKlass com/google/inject/internal/util/StackTraceElements$InMemoryStackTraceElement
instanceKlass com/google/inject/internal/util/StackTraceElements
instanceKlass org/eclipse/sisu/wire/TypeConverterCache
instanceKlass com/google/inject/internal/Scoping
instanceKlass com/google/inject/internal/InternalFactory
instanceKlass java/lang/StackTraceElement$HashedModules
instanceKlass com/google/inject/internal/InternalFlags$1
instanceKlass com/google/inject/internal/InternalFlags
instanceKlass com/google/inject/spi/ConstructorBinding
instanceKlass com/google/inject/internal/DelayedInitialize
instanceKlass com/google/inject/spi/ProviderKeyBinding
instanceKlass com/google/inject/spi/ProviderInstanceBinding
instanceKlass com/google/inject/spi/InstanceBinding
instanceKlass com/google/inject/spi/HasDependencies
instanceKlass com/google/inject/spi/LinkedKeyBinding
instanceKlass com/google/inject/spi/UntargettedBinding
instanceKlass com/google/inject/internal/BindingImpl
instanceKlass com/google/inject/Key$AnnotationStrategy
instanceKlass org/eclipse/sisu/wire/ElementAnalyzer$1
instanceKlass com/google/inject/util/Modules$EmptyModule
instanceKlass com/google/inject/util/Modules$OverriddenModuleBuilder
instanceKlass com/google/inject/util/Modules
instanceKlass java/util/stream/Nodes$ArrayNode
instanceKlass java/util/stream/Node$Builder
instanceKlass java/util/stream/Node$OfDouble
instanceKlass java/util/stream/Node$OfLong
instanceKlass java/util/stream/Node$OfInt
instanceKlass java/util/stream/Node$OfPrimitive
instanceKlass java/util/stream/Nodes$EmptyNode
instanceKlass java/util/stream/Node
instanceKlass java/util/stream/Nodes
instanceKlass com/google/inject/internal/DeclaredMembers$$Lambda$56
instanceKlass java/util/function/IntFunction
instanceKlass java/util/stream/SortedOps
instanceKlass com/google/common/collect/Ordering
instanceKlass com/google/inject/internal/DeclaredMembers$$Lambda$55
instanceKlass com/google/inject/internal/DeclaredMembers$$Lambda$54
instanceKlass java/util/Comparator$$Lambda$53
instanceKlass java/util/Comparator$$Lambda$52
instanceKlass java/lang/invoke/LambdaForm$DMH
instanceKlass com/google/inject/internal/DeclaredMembers$$Lambda$51
instanceKlass com/google/inject/internal/DeclaredMembers$$Lambda$50
instanceKlass java/util/Comparator$$Lambda$49
instanceKlass com/google/inject/internal/DeclaredMembers$$Lambda$48
instanceKlass com/google/inject/internal/DeclaredMembers
instanceKlass com/google/common/base/ExtraObjectsMethodsForWeb
instanceKlass com/google/common/collect/ImmutableMap$Builder
instanceKlass com/google/inject/internal/MoreTypes
instanceKlass com/google/inject/multibindings/ProvidesIntoOptional
instanceKlass com/google/inject/multibindings/ProvidesIntoMap
instanceKlass com/google/inject/multibindings/ProvidesIntoSet
instanceKlass com/google/inject/Provides
instanceKlass javax/inject/Singleton
instanceKlass com/google/inject/spi/ElementSource
instanceKlass com/google/inject/spi/ScopeBinding
instanceKlass com/google/inject/Scopes$2
instanceKlass com/google/inject/Scopes$1
instanceKlass com/google/inject/internal/SingletonScope
instanceKlass com/google/inject/Scopes
instanceKlass com/google/inject/Singleton
instanceKlass com/google/inject/spi/Elements$ModuleInfo
instanceKlass com/google/inject/PrivateModule
instanceKlass java/util/stream/Collectors$$Lambda$47
instanceKlass java/util/stream/Collectors$$Lambda$46
instanceKlass java/util/stream/Collectors$$Lambda$45
instanceKlass com/google/inject/spi/BindingSourceRestriction$PermitMapConstruction$$Lambda$44
instanceKlass com/google/inject/spi/BindingSourceRestriction$$Lambda$43
instanceKlass com/google/inject/spi/BindingSourceRestriction$$Lambda$42
instanceKlass java/util/stream/Streams$2
instanceKlass java/util/stream/Streams$ConcatSpliterator
instanceKlass sun/reflect/annotation/AnnotatedTypeFactory$AnnotatedTypeBaseImpl
instanceKlass java/lang/reflect/AnnotatedType
instanceKlass sun/reflect/annotation/AnnotatedTypeFactory
instanceKlass sun/reflect/annotation/TypeAnnotation$LocationInfo$Location
instanceKlass sun/reflect/annotation/TypeAnnotation$LocationInfo
instanceKlass sun/reflect/generics/tree/ClassSignature
instanceKlass sun/reflect/generics/tree/Signature
instanceKlass sun/reflect/generics/tree/ClassTypeSignature
instanceKlass sun/reflect/generics/tree/SimpleClassTypeSignature
instanceKlass sun/reflect/generics/tree/FieldTypeSignature
instanceKlass sun/reflect/generics/tree/BaseType
instanceKlass sun/reflect/generics/tree/TypeSignature
instanceKlass sun/reflect/generics/tree/ReturnType
instanceKlass sun/reflect/generics/tree/TypeArgument
instanceKlass sun/reflect/generics/tree/FormalTypeParameter
instanceKlass sun/reflect/generics/tree/TypeTree
instanceKlass sun/reflect/generics/tree/Tree
instanceKlass sun/reflect/generics/parser/SignatureParser
instanceKlass sun/reflect/generics/repository/AbstractRepository
instanceKlass sun/reflect/annotation/TypeAnnotation
instanceKlass sun/reflect/annotation/TypeAnnotationParser
instanceKlass java/lang/Class$AnnotationData
instanceKlass com/google/inject/RestrictedBindingSource
instanceKlass com/google/inject/spi/BindingSourceRestriction
instanceKlass com/google/inject/spi/ModuleSource
instanceKlass com/google/inject/internal/ProviderMethodsModule
instanceKlass com/google/inject/spi/BindingSourceRestriction$PermitMapConstruction$PermitMapImpl
instanceKlass com/google/inject/spi/BindingSourceRestriction$PermitMap
instanceKlass com/google/inject/spi/BindingSourceRestriction$PermitMapConstruction
instanceKlass com/google/common/collect/Hashing
instanceKlass com/google/common/math/IntMath$1
instanceKlass com/google/common/math/MathPreconditions
instanceKlass com/google/common/math/IntMath
instanceKlass com/google/inject/internal/AbstractBindingBuilder
instanceKlass com/google/inject/binder/ConstantBindingBuilder
instanceKlass com/google/inject/binder/AnnotatedElementBuilder
instanceKlass com/google/inject/spi/Elements$RecordingBinder
instanceKlass com/google/inject/Binding
instanceKlass com/google/inject/spi/DefaultBindingTargetVisitor
instanceKlass com/google/inject/spi/BindingTargetVisitor
instanceKlass com/google/inject/spi/Elements
instanceKlass com/google/inject/internal/InjectorShell$RootModule
instanceKlass com/google/common/collect/ListMultimap
instanceKlass com/google/inject/internal/InjectorBindingData
instanceKlass java/util/concurrent/atomic/AtomicReferenceArray
instanceKlass java/util/concurrent/Future
instanceKlass com/google/common/cache/LocalCache$LoadingValueReference
instanceKlass java/util/concurrent/ConcurrentLinkedQueue$Node
instanceKlass com/google/common/cache/Weigher
instanceKlass com/google/common/base/Predicate
instanceKlass com/google/common/base/Equivalence
instanceKlass java/util/function/BiPredicate
instanceKlass com/google/common/base/MoreObjects
instanceKlass com/google/common/cache/LocalCache$1
instanceKlass com/google/common/cache/ReferenceEntry
instanceKlass com/google/common/cache/CacheLoader
instanceKlass com/google/common/cache/LocalCache$LocalManualCache
instanceKlass com/google/inject/internal/WeakKeySet$$Lambda$41
instanceKlass com/google/common/cache/RemovalListener
instanceKlass java/util/AbstractMap$SimpleImmutableEntry
instanceKlass com/google/common/cache/LocalCache$StrongValueReference
instanceKlass com/google/common/cache/LocalCache$ValueReference
instanceKlass com/google/common/cache/CacheBuilder$2
instanceKlass com/google/common/cache/CacheStats
instanceKlass com/google/common/base/Suppliers$SupplierOfInstance
instanceKlass com/google/common/base/Suppliers
instanceKlass com/google/common/cache/CacheBuilder$1
instanceKlass com/google/common/cache/AbstractCache$StatsCounter
instanceKlass com/google/common/cache/LoadingCache
instanceKlass com/google/common/cache/Cache
instanceKlass com/google/common/base/Supplier
instanceKlass com/google/common/cache/CacheBuilder
instanceKlass com/google/inject/internal/WeakKeySet
instanceKlass com/google/common/collect/Sets
instanceKlass com/google/inject/internal/InjectorJitBindingData
instanceKlass com/google/inject/internal/ProcessedBindingData
instanceKlass com/google/inject/spi/DefaultElementVisitor
instanceKlass com/google/inject/internal/InjectorShell$Builder
instanceKlass com/google/common/collect/Lists
instanceKlass com/google/common/collect/CollectPreconditions
instanceKlass com/google/common/collect/LinkedHashMultimap$MultimapIterationChain
instanceKlass java/lang/StrictMath
instanceKlass com/google/common/collect/Platform
instanceKlass com/google/common/collect/Multiset
instanceKlass com/google/common/collect/AbstractMultimap
instanceKlass com/google/common/collect/SetMultimap
instanceKlass com/google/common/base/Converter
instanceKlass com/google/common/base/Function
instanceKlass com/google/common/collect/BiMap
instanceKlass com/google/common/collect/ImmutableMap
instanceKlass com/google/common/collect/SortedMapDifference
instanceKlass com/google/common/collect/MapDifference
instanceKlass com/google/common/collect/Maps
instanceKlass com/google/inject/internal/CycleDetectingLock
instanceKlass com/google/common/collect/Multimap
instanceKlass com/google/inject/internal/CycleDetectingLock$CycleDetectingLockFactory
instanceKlass com/google/inject/internal/Initializable
instanceKlass com/google/inject/internal/Initializer
instanceKlass com/google/common/collect/PeekingIterator
instanceKlass com/google/common/collect/UnmodifiableIterator
instanceKlass com/google/common/collect/Iterators
instanceKlass com/google/common/collect/ImmutableCollection$Builder
instanceKlass com/google/common/collect/ImmutableSet$SetBuilderImpl
instanceKlass com/google/inject/internal/util/SourceProvider
instanceKlass com/google/inject/spi/ErrorDetail
instanceKlass com/google/inject/internal/Errors
instanceKlass com/google/common/base/Preconditions
instanceKlass java/time/Duration
instanceKlass java/time/temporal/TemporalAmount
instanceKlass java/time/temporal/TemporalUnit
instanceKlass java/util/concurrent/TimeUnit$1
instanceKlass jdk/internal/logger/DefaultLoggerFinder$1
instanceKlass java/util/logging/Logger$SystemLoggerHelper$1
instanceKlass java/util/logging/Logger$SystemLoggerHelper
instanceKlass java/util/logging/LogManager$4
instanceKlass jdk/internal/logger/BootstrapLogger$BootstrapExecutors
instanceKlass jdk/internal/logger/BootstrapLogger$RedirectedLoggers
instanceKlass jdk/internal/logger/BootstrapLogger$DetectBackend$1
instanceKlass jdk/internal/logger/BootstrapLogger$DetectBackend
instanceKlass jdk/internal/logger/BootstrapLogger
instanceKlass sun/util/logging/PlatformLogger$ConfigurableBridge
instanceKlass sun/util/logging/PlatformLogger$Bridge
instanceKlass java/lang/System$Logger
instanceKlass java/util/stream/Streams
instanceKlass java/util/stream/Streams$AbstractStreamBuilderImpl
instanceKlass java/util/stream/Stream$Builder
instanceKlass java/util/logging/Level$KnownLevel$$Lambda$40
instanceKlass java/util/logging/Level$$Lambda$39
instanceKlass java/util/Hashtable$Enumerator
instanceKlass java/util/logging/LogManager$LoggerContext$1
instanceKlass java/util/logging/LogManager$VisitedLoggers
instanceKlass java/lang/invoke/LambdaForm$MH
instanceKlass java/lang/invoke/LambdaForm$MH
instanceKlass sun/invoke/util/ValueConversions$WrapperCache
instanceKlass java/lang/invoke/LambdaForm$MH
instanceKlass java/lang/invoke/MethodHandles$1
instanceKlass java/lang/Byte$ByteCache
instanceKlass java/lang/invoke/LambdaForm$MH
instanceKlass java/lang/invoke/LambdaForm$MH
instanceKlass java/lang/invoke/LambdaForm$MH
instanceKlass java/lang/invoke/LambdaForm$MH
instanceKlass java/lang/invoke/LambdaForm$MH
instanceKlass java/lang/invoke/LambdaForm$MH
instanceKlass java/lang/invoke/LambdaForm$MH
instanceKlass java/lang/invoke/LambdaForm$MH
instanceKlass java/lang/invoke/LambdaForm$MH
instanceKlass java/lang/invoke/LambdaForm$MH
instanceKlass java/lang/ClassValue$Version
instanceKlass java/lang/ClassValue$Identity
instanceKlass java/lang/ClassValue
instanceKlass java/lang/invoke/StringConcatFactory$Stringifiers
instanceKlass java/lang/StringConcatHelper
instanceKlass java/lang/invoke/StringConcatFactory$MethodHandleInlineCopyStrategy$3
instanceKlass java/lang/invoke/StringConcatFactory$MethodHandleInlineCopyStrategy$2
instanceKlass java/lang/invoke/StringConcatFactory$MethodHandleInlineCopyStrategy$1
instanceKlass java/lang/invoke/StringConcatFactory$MethodHandleInlineCopyStrategy
instanceKlass java/lang/invoke/StringConcatFactory$RecipeElement
instanceKlass java/lang/invoke/StringConcatFactory$Recipe
instanceKlass java/lang/invoke/StringConcatFactory$1
instanceKlass java/lang/invoke/StringConcatFactory
instanceKlass java/util/logging/LogManager$2
instanceKlass java/lang/System$LoggerFinder
instanceKlass sun/security/util/SecurityConstants
instanceKlass java/security/AccessController$1
instanceKlass java/util/logging/LogManager$LoggingProviderAccess
instanceKlass sun/util/logging/internal/LoggingProviderImpl$LogManagerAccess
instanceKlass java/util/Collections$SynchronizedMap
instanceKlass java/util/logging/LogManager$LogNode
instanceKlass java/util/logging/LogManager$LoggerContext
instanceKlass java/util/logging/LogManager$1
instanceKlass java/util/logging/LogManager
instanceKlass java/util/logging/Logger$ConfigurationData
instanceKlass java/util/logging/Logger$LoggerBundle
instanceKlass java/util/logging/Level
instanceKlass java/util/logging/Handler
instanceKlass java/util/logging/Logger
instanceKlass com/google/common/base/Ticker
instanceKlass com/google/common/base/Stopwatch
instanceKlass com/google/inject/internal/util/ContinuousStopwatch
instanceKlass com/google/inject/Injector
instanceKlass com/google/inject/internal/InternalInjectorCreator
instanceKlass com/google/inject/Guice
instanceKlass org/eclipse/sisu/wire/Wiring
instanceKlass org/eclipse/sisu/wire/WireModule$Strategy$1
instanceKlass org/eclipse/sisu/wire/WireModule$Strategy
instanceKlass org/eclipse/sisu/wire/AbstractTypeConverter
instanceKlass com/google/inject/spi/ElementVisitor
instanceKlass org/eclipse/sisu/wire/WireModule
instanceKlass org/eclipse/sisu/bean/BeanBinder
instanceKlass org/eclipse/sisu/plexus/PlexusBindingModule
instanceKlass org/codehaus/plexus/DefaultPlexusContainer$BootModule
instanceKlass org/codehaus/plexus/component/annotations/Configuration
instanceKlass org/eclipse/sisu/plexus/PlexusAnnotatedMetadata
instanceKlass org/eclipse/sisu/plexus/PlexusBeanMetadata
instanceKlass org/eclipse/sisu/plexus/PlexusAnnotatedBeanModule$PlexusAnnotatedBeanSource
instanceKlass org/eclipse/sisu/space/SpaceModule$2
instanceKlass org/eclipse/sisu/space/SpaceModule$Strategy$2
instanceKlass org/eclipse/sisu/space/SpaceModule$Strategy$1
instanceKlass org/eclipse/sisu/space/DefaultClassFinder
instanceKlass org/objectweb/asm/ClassVisitor
instanceKlass org/eclipse/sisu/space/SpaceScanner
instanceKlass org/eclipse/sisu/space/IndexedClassFinder
instanceKlass org/eclipse/sisu/space/ClassFinder
instanceKlass org/eclipse/sisu/space/SpaceModule
instanceKlass org/eclipse/sisu/space/SpaceVisitor
instanceKlass org/eclipse/sisu/plexus/PlexusTypeListener
instanceKlass org/eclipse/sisu/space/QualifiedTypeListener
instanceKlass org/eclipse/sisu/plexus/PlexusAnnotatedBeanModule$1
instanceKlass org/eclipse/sisu/space/SpaceModule$Strategy
instanceKlass org/eclipse/sisu/plexus/PlexusAnnotatedBeanModule
instanceKlass org/eclipse/sisu/plexus/PlexusBeanSource
instanceKlass org/eclipse/sisu/plexus/PlexusXmlBeanModule
instanceKlass org/eclipse/sisu/plexus/PlexusBeanModule
instanceKlass org/eclipse/sisu/space/URLClassSpace
instanceKlass org/codehaus/plexus/DefaultPlexusContainer$SLF4JLoggerFactoryProvider
instanceKlass com/google/inject/util/Providers$ConstantProvider
instanceKlass com/google/inject/util/Providers
instanceKlass org/codehaus/plexus/personality/plexus/lifecycle/phase/Disposable
instanceKlass org/codehaus/plexus/personality/plexus/lifecycle/phase/Startable
instanceKlass org/codehaus/plexus/personality/plexus/lifecycle/phase/Initializable
instanceKlass org/codehaus/plexus/personality/plexus/lifecycle/phase/Contextualizable
instanceKlass org/codehaus/plexus/logging/LogEnabled
instanceKlass org/eclipse/sisu/bean/PropertyBinding
instanceKlass javax/annotation/PreDestroy
instanceKlass javax/annotation/PostConstruct
instanceKlass org/eclipse/sisu/bean/LifecycleBuilder
instanceKlass org/eclipse/sisu/bean/BeanScheduler$1
instanceKlass com/google/inject/spi/DefaultBindingScopingVisitor
instanceKlass com/google/inject/spi/BindingScopingVisitor
instanceKlass org/eclipse/sisu/bean/BeanScheduler$CycleActivator
instanceKlass com/google/inject/PrivateBinder
instanceKlass com/google/inject/binder/AnnotatedConstantBindingBuilder
instanceKlass com/google/inject/spi/TypeListener
instanceKlass com/google/inject/Scope
instanceKlass org/aopalliance/intercept/MethodInterceptor
instanceKlass org/aopalliance/intercept/Interceptor
instanceKlass org/aopalliance/aop/Advice
instanceKlass com/google/inject/MembersInjector
instanceKlass com/google/inject/spi/Message
instanceKlass com/google/inject/spi/Element
instanceKlass com/google/inject/spi/ModuleAnnotatedMethodScanner
instanceKlass com/google/inject/spi/Dependency
instanceKlass com/google/inject/Key
instanceKlass com/google/inject/binder/AnnotatedBindingBuilder
instanceKlass com/google/inject/binder/LinkedBindingBuilder
instanceKlass com/google/inject/binder/ScopedBindingBuilder
instanceKlass com/google/inject/TypeLiteral
instanceKlass com/google/inject/spi/ProvisionListener
instanceKlass com/google/inject/Binder
instanceKlass org/eclipse/sisu/bean/BeanScheduler
instanceKlass org/eclipse/sisu/plexus/DefaultPlexusBeanLocator
instanceKlass org/eclipse/sisu/plexus/RealmManager
instanceKlass org/codehaus/plexus/context/ContextMapAdapter
instanceKlass org/codehaus/plexus/context/DefaultContext
instanceKlass org/codehaus/plexus/logging/AbstractLogger
instanceKlass org/codehaus/plexus/logging/AbstractLoggerManager
instanceKlass java/util/Date
instanceKlass java/text/DigitList
instanceKlass java/text/FieldPosition
instanceKlass sun/util/locale/provider/JRELocaleProviderAdapter$$Lambda$38
instanceKlass sun/util/locale/provider/JRELocaleProviderAdapter$$Lambda$37
instanceKlass java/text/DateFormatSymbols
instanceKlass sun/util/calendar/CalendarUtils
instanceKlass sun/util/calendar/CalendarDate
instanceKlass sun/util/cldr/CLDRLocaleProviderAdapter$$Lambda$36
instanceKlass sun/util/locale/provider/CalendarDataUtility$CalendarWeekParameterGetter
instanceKlass sun/util/locale/provider/LocaleServiceProviderPool$LocalizedObjectGetter
instanceKlass sun/util/locale/provider/LocaleServiceProviderPool
instanceKlass sun/util/calendar/CalendarSystem
instanceKlass java/util/Calendar$Builder
instanceKlass sun/util/locale/provider/JRELocaleProviderAdapter$$Lambda$35
instanceKlass java/util/zip/Checksum$1
instanceKlass java/util/zip/CRC32
instanceKlass java/util/zip/Checksum
instanceKlass sun/util/calendar/ZoneInfoFile$ZoneOffsetTransitionRule
instanceKlass sun/util/calendar/ZoneInfoFile$1
instanceKlass sun/util/calendar/ZoneInfoFile
instanceKlass java/util/TimeZone
instanceKlass java/util/Calendar
instanceKlass java/text/AttributedCharacterIterator$Attribute
instanceKlass com/google/inject/matcher/AbstractMatcher
instanceKlass com/google/inject/matcher/Matcher
instanceKlass com/google/inject/spi/TypeConverter
instanceKlass org/codehaus/plexus/DefaultPlexusContainer$LoggerProvider
instanceKlass org/codehaus/plexus/DefaultPlexusContainer$DefaultsModule
instanceKlass org/codehaus/plexus/DefaultPlexusContainer$ContainerModule
instanceKlass java/util/concurrent/locks/ReentrantReadWriteLock$WriteLock
instanceKlass java/util/concurrent/locks/ReentrantReadWriteLock$ReadLock
instanceKlass java/util/concurrent/locks/ReentrantReadWriteLock
instanceKlass java/util/concurrent/locks/ReadWriteLock
instanceKlass org/eclipse/sisu/inject/ImplicitBindings
instanceKlass org/eclipse/sisu/inject/MildValues$InverseMapping
instanceKlass org/eclipse/sisu/inject/MildValues
instanceKlass org/eclipse/sisu/inject/Weak
instanceKlass java/util/concurrent/atomic/AtomicReferenceFieldUpdater$AtomicReferenceFieldUpdaterImpl$1
instanceKlass java/util/concurrent/atomic/AtomicReferenceFieldUpdater
instanceKlass org/eclipse/sisu/inject/RankedSequence$Content
instanceKlass org/eclipse/sisu/inject/RankedSequence
instanceKlass org/eclipse/sisu/inject/BindingSubscriber
instanceKlass org/eclipse/sisu/inject/DefaultBeanLocator
instanceKlass org/eclipse/sisu/inject/DeferredClass
instanceKlass org/codehaus/plexus/DefaultPlexusContainer$LoggerManagerProvider
instanceKlass org/eclipse/sisu/inject/DeferredProvider
instanceKlass com/google/inject/Provider
instanceKlass com/google/inject/AbstractModule
instanceKlass org/codehaus/plexus/context/Context
instanceKlass org/eclipse/sisu/inject/BindingPublisher
instanceKlass org/eclipse/sisu/inject/RankingFunction
instanceKlass org/eclipse/sisu/space/ClassSpace
instanceKlass javax/inject/Provider
instanceKlass org/eclipse/sisu/bean/BeanManager
instanceKlass org/eclipse/sisu/plexus/PlexusBeanLocator
instanceKlass org/codehaus/plexus/classworlds/ClassWorldListener
instanceKlass com/google/inject/Module
instanceKlass org/eclipse/sisu/inject/MutableBeanLocator
instanceKlass org/eclipse/sisu/inject/BeanLocator
instanceKlass org/codehaus/plexus/DefaultPlexusContainer
instanceKlass org/codehaus/plexus/MutablePlexusContainer
instanceKlass java/util/stream/ReduceOps$Box
instanceKlass java/util/stream/ReduceOps$AccumulatingSink
instanceKlass java/util/stream/ReduceOps$ReduceOp
instanceKlass java/util/stream/ReduceOps
instanceKlass java/util/function/Function$$Lambda$34
instanceKlass java/lang/invoke/LambdaForm$DMH
instanceKlass org/apache/maven/extension/internal/CoreExports$$Lambda$33
instanceKlass java/util/stream/Collectors$$Lambda$32
instanceKlass java/util/stream/Collectors$$Lambda$31
instanceKlass java/util/function/BinaryOperator
instanceKlass java/util/stream/Collectors$$Lambda$30
instanceKlass java/lang/invoke/LambdaForm$DMH
instanceKlass java/util/stream/Collectors$$Lambda$29
instanceKlass java/util/stream/Collectors$CollectorImpl
instanceKlass java/util/stream/Collector
instanceKlass java/util/stream/Collectors
instanceKlass org/apache/maven/extension/internal/CoreExports$$Lambda$28
instanceKlass sun/invoke/util/VerifyAccess$1
instanceKlass java/util/function/Function$$Lambda$27
instanceKlass java/util/HashMap$HashMapSpliterator
instanceKlass org/apache/maven/extension/internal/CoreExports
instanceKlass org/codehaus/plexus/DefaultContainerConfiguration
instanceKlass org/codehaus/plexus/ContainerConfiguration
instanceKlass org/codehaus/plexus/util/BaseIOUtil
instanceKlass org/codehaus/plexus/util/xml/XMLWriter
instanceKlass org/codehaus/plexus/util/xml/Xpp3Dom
instanceKlass org/codehaus/plexus/util/xml/pull/MXParser
instanceKlass org/codehaus/plexus/util/xml/pull/XmlPullParser
instanceKlass org/codehaus/plexus/util/xml/Xpp3DomBuilder
instanceKlass java/util/regex/CharPredicates$$Lambda$26
instanceKlass java/util/regex/Pattern$$Lambda$25
instanceKlass java/util/regex/Pattern$CharPredicate$$Lambda$24
instanceKlass org/codehaus/plexus/util/ReaderFactory
instanceKlass org/apache/maven/project/ExtensionDescriptor
instanceKlass org/apache/maven/project/ExtensionDescriptorBuilder
instanceKlass org/apache/maven/extension/internal/CoreExtensionEntry
instanceKlass org/codehaus/plexus/logging/Logger
instanceKlass org/apache/maven/cli/logging/Slf4jLoggerManager
instanceKlass org/slf4j/impl/MavenSlf4jSimpleFriend
instanceKlass org/slf4j/MavenSlf4jFriend
instanceKlass org/apache/commons/cli/CommandLine$$Lambda$23
instanceKlass org/apache/maven/cli/logging/BaseSlf4jConfiguration
instanceKlass org/codehaus/plexus/util/PropertyUtils
instanceKlass org/apache/maven/cli/logging/Slf4jConfiguration
instanceKlass org/apache/maven/cli/logging/Slf4jConfigurationFactory
instanceKlass java/lang/invoke/VarHandle$AccessDescriptor
instanceKlass org/slf4j/helpers/Reporter
instanceKlass org/slf4j/impl/OutputChoice
instanceKlass org/slf4j/impl/SimpleLoggerConfiguration$1
instanceKlass java/text/Format
instanceKlass org/slf4j/impl/SimpleLoggerConfiguration
instanceKlass org/slf4j/helpers/NamedLoggerBase
instanceKlass org/slf4j/impl/SimpleLoggerFactory
instanceKlass org/slf4j/MDC
instanceKlass org/eclipse/m2e/slf4j2/provider/MavenSLF4JProvider
instanceKlass sun/net/DefaultProgressMeteringPolicy
instanceKlass sun/net/ProgressMeteringPolicy
instanceKlass sun/net/ProgressMonitor
instanceKlass java/util/Collections$3
instanceKlass java/net/URLClassLoader$3$1
instanceKlass java/net/URLClassLoader$3
instanceKlass jdk/internal/loader/URLClassPath$1
instanceKlass java/lang/CompoundEnumeration
instanceKlass jdk/internal/loader/BuiltinClassLoader$1
instanceKlass java/util/Collections$EmptyEnumeration
instanceKlass java/lang/ModuleLayer$$Lambda$22
instanceKlass java/lang/WeakPairMap$Pair$Lookup
instanceKlass java/lang/WeakPairMap$Pair
instanceKlass java/lang/WeakPairMap
instanceKlass java/lang/Module$ReflectionData
instanceKlass java/util/Spliterators$ArraySpliterator
instanceKlass java/util/Spliterators$1Adapter
instanceKlass java/util/Spliterator$OfDouble
instanceKlass java/util/Spliterator$OfLong
instanceKlass java/util/Spliterator$OfInt
instanceKlass java/util/Spliterator$OfPrimitive
instanceKlass java/util/Spliterators$EmptySpliterator
instanceKlass java/util/Spliterators
instanceKlass org/slf4j/helpers/Util
instanceKlass org/slf4j/helpers/NOPMDCAdapter
instanceKlass org/slf4j/helpers/NOPLoggerFactory
instanceKlass org/slf4j/helpers/NOP_FallbackServiceProvider
instanceKlass org/slf4j/helpers/ThreadLocalMapOfStacks
instanceKlass org/slf4j/helpers/BasicMDCAdapter
instanceKlass org/slf4j/Marker
instanceKlass org/slf4j/helpers/BasicMarkerFactory
instanceKlass java/util/concurrent/LinkedBlockingQueue$Node
instanceKlass java/util/concurrent/locks/AbstractQueuedSynchronizer$ConditionObject
instanceKlass java/util/concurrent/locks/Condition
instanceKlass java/util/concurrent/locks/AbstractQueuedSynchronizer$Node
instanceKlass java/util/concurrent/BlockingQueue
instanceKlass org/slf4j/helpers/SubstituteLoggerFactory
instanceKlass org/slf4j/ILoggerFactory
instanceKlass org/slf4j/spi/MDCAdapter
instanceKlass org/slf4j/IMarkerFactory
instanceKlass org/slf4j/helpers/SubstituteServiceProvider
instanceKlass org/slf4j/event/LoggingEvent
instanceKlass org/slf4j/spi/SLF4JServiceProvider
instanceKlass org/slf4j/LoggerFactory
instanceKlass java/util/LinkedList$ListItr
instanceKlass org/codehaus/plexus/util/StringUtils
instanceKlass org/apache/maven/cli/CLIReportingUtils
instanceKlass org/apache/maven/cli/MavenCli$$Lambda$21
instanceKlass java/util/function/BiConsumer
instanceKlass org/codehaus/plexus/interpolation/SimpleRecursionInterceptor
instanceKlass org/codehaus/plexus/interpolation/AbstractValueSource
instanceKlass org/codehaus/plexus/interpolation/RecursionInterceptor
instanceKlass org/codehaus/plexus/interpolation/StringSearchInterpolator
instanceKlass org/codehaus/plexus/interpolation/Interpolator
instanceKlass org/codehaus/plexus/interpolation/BasicInterpolator
instanceKlass org/apache/maven/properties/internal/SystemProperties
instanceKlass java/util/Collections$UnmodifiableMap$UnmodifiableEntrySet$UnmodifiableEntry
instanceKlass java/util/Collections$UnmodifiableMap$UnmodifiableEntrySet$1
instanceKlass org/codehaus/plexus/util/Os
instanceKlass org/apache/maven/properties/internal/EnvironmentUtils
instanceKlass org/apache/commons/cli/CommandLine$$Lambda$20
instanceKlass java/lang/invoke/LambdaForm$DMH
instanceKlass java/util/stream/Sink$ChainedReference
instanceKlass java/util/stream/FindOps$FindSink$OfRef$$Lambda$19
instanceKlass java/util/stream/FindOps$FindSink$OfRef$$Lambda$18
instanceKlass java/util/stream/FindOps$FindSink$OfRef$$Lambda$17
instanceKlass java/util/stream/FindOps$FindSink$OfRef$$Lambda$16
instanceKlass java/util/stream/FindOps$FindOp
instanceKlass java/util/stream/TerminalOp
instanceKlass java/util/stream/FindOps$FindSink
instanceKlass java/util/stream/TerminalSink
instanceKlass java/util/stream/Sink
instanceKlass java/util/stream/FindOps
instanceKlass org/apache/commons/cli/CommandLine$$Lambda$15
instanceKlass java/util/function/Predicate
instanceKlass sun/reflect/annotation/AnnotationParser
instanceKlass java/lang/Class$3
instanceKlass java/util/EnumMap$1
instanceKlass java/util/stream/StreamOpFlag$MaskBuilder
instanceKlass java/util/stream/PipelineHelper
instanceKlass java/util/stream/Stream
instanceKlass java/util/stream/BaseStream
instanceKlass java/util/stream/StreamSupport
instanceKlass java/util/ArrayList$ArrayListSpliterator
instanceKlass java/util/Spliterator
instanceKlass java/util/AbstractList$Itr
instanceKlass org/apache/commons/cli/DefaultParser
instanceKlass org/apache/commons/cli/Util
instanceKlass org/apache/commons/cli/CommandLine$Builder$$Lambda$14
instanceKlass java/lang/invoke/LambdaForm$DMH
instanceKlass org/apache/commons/cli/CommandLine$Builder
instanceKlass org/apache/commons/cli/CommandLine
instanceKlass org/apache/commons/cli/Parser$$Lambda$13
instanceKlass java/util/function/Consumer
instanceKlass java/lang/invoke/LambdaForm$DMH
instanceKlass java/util/LinkedHashMap$LinkedHashIterator
instanceKlass org/apache/commons/cli/Parser
instanceKlass org/apache/maven/cli/CleanArgument
instanceKlass org/apache/commons/cli/OptionValidator
instanceKlass org/apache/commons/cli/Option$Builder
instanceKlass org/apache/commons/cli/Option
instanceKlass org/apache/commons/cli/Options
instanceKlass org/apache/commons/cli/CommandLineParser
instanceKlass org/apache/maven/cli/CLIManager
instanceKlass org/slf4j/spi/LoggingEventBuilder
instanceKlass org/apache/maven/cli/logging/Slf4jStdoutLogger
instanceKlass sun/nio/fs/WindowsPath$1
instanceKlass sun/nio/fs/WindowsLinkSupport
instanceKlass org/eclipse/aether/DefaultRepositoryCache
instanceKlass org/apache/maven/project/ProjectBuildingRequest
instanceKlass org/apache/maven/execution/DefaultMavenExecutionRequest
instanceKlass org/apache/maven/execution/MavenExecutionRequest
instanceKlass java/lang/ApplicationShutdownHooks$1
instanceKlass java/lang/ApplicationShutdownHooks
instanceKlass org/fusesource/jansi/io/AnsiOutputStream$ZeroWidthSupplier
instanceKlass java/lang/ClassLoader$NativeLibrary$Unloader
instanceKlass java/io/FileInputStream$1
instanceKlass java/lang/Shutdown$Lock
instanceKlass java/lang/Shutdown
instanceKlass java/io/DeleteOnExitHook$1
instanceKlass java/io/DeleteOnExitHook
instanceKlass sun/nio/fs/WindowsChannelFactory$2
instanceKlass java/io/FileOutputStream$1
instanceKlass java/util/Random
instanceKlass java/util/Formattable
instanceKlass java/util/Formatter$Conversion
instanceKlass java/util/Formatter$Flags
instanceKlass java/util/Formatter$FormatSpecifier
instanceKlass java/util/Formatter$FixedString
instanceKlass java/util/Formatter$FormatString
instanceKlass java/util/regex/ASCII
instanceKlass sun/util/resources/Bundles$2
instanceKlass sun/util/resources/Bundles$CacheKeyReference
instanceKlass java/util/ResourceBundle$ResourceBundleProviderHelper$$Lambda$12
instanceKlass java/util/ResourceBundle$ResourceBundleProviderHelper
instanceKlass java/util/ArrayList$SubList$1
instanceKlass java/util/LinkedList$Node
instanceKlass sun/util/resources/LocaleData$LocaleDataResourceBundleProvider
instanceKlass java/util/spi/ResourceBundleProvider
instanceKlass java/util/regex/IntHashSet
instanceKlass sun/util/resources/Bundles$CacheKey
instanceKlass java/util/regex/Matcher
instanceKlass java/util/regex/MatchResult
instanceKlass java/util/ResourceBundle$1
instanceKlass jdk/internal/misc/JavaUtilResourceBundleAccess
instanceKlass sun/util/resources/Bundles
instanceKlass java/util/Properties$LineReader
instanceKlass sun/util/resources/LocaleData$LocaleDataStrategy
instanceKlass sun/util/resources/Bundles$Strategy
instanceKlass sun/util/resources/LocaleData$1
instanceKlass sun/util/locale/provider/CalendarDataUtility
instanceKlass java/util/StringTokenizer
instanceKlass sun/util/locale/provider/AvailableLanguageTags
instanceKlass sun/util/locale/provider/JRELocaleProviderAdapter$$Lambda$11
instanceKlass sun/net/www/protocol/jar/URLJarFileCallBack
instanceKlass java/util/ServiceLoader$ProviderImpl
instanceKlass java/util/ServiceLoader$Provider
instanceKlass java/util/ServiceLoader$1
instanceKlass sun/net/www/protocol/jar/JarFileFactory
instanceKlass sun/net/www/protocol/jar/URLJarFile$URLJarFileCloseController
instanceKlass sun/util/resources/cldr/provider/CLDRLocaleDataMetaInfo
instanceKlass jdk/internal/module/ModulePatcher$PatchedModuleReader
instanceKlass java/net/URLClassLoader$2
instanceKlass java/util/ServiceLoader$3
instanceKlass java/util/ServiceLoader$2
instanceKlass java/util/ServiceLoader$LazyClassPathLookupIterator
instanceKlass java/util/concurrent/CopyOnWriteArrayList$COWIterator
instanceKlass jdk/internal/loader/AbstractClassLoaderValue$Memoizer
instanceKlass java/util/ServiceLoader$ModuleServicesLookupIterator
instanceKlass java/util/ServiceLoader
instanceKlass sun/util/cldr/CLDRLocaleProviderAdapter$1
instanceKlass jdk/internal/jimage/ImageLocation
instanceKlass sun/util/locale/StringTokenIterator
instanceKlass sun/util/locale/ParseStatus
instanceKlass jdk/internal/jimage/decompressor/Decompressor
instanceKlass sun/util/cldr/CLDRBaseLocaleDataMetaInfo
instanceKlass sun/util/locale/provider/LocaleDataMetaInfo
instanceKlass jdk/internal/jimage/ImageStringsReader
instanceKlass jdk/internal/jimage/ImageStrings
instanceKlass sun/util/locale/provider/LocaleProviderAdapter$1
instanceKlass java/util/ResourceBundle
instanceKlass jdk/internal/jimage/ImageHeader
instanceKlass java/util/ResourceBundle$Control
instanceKlass sun/util/resources/LocaleData
instanceKlass sun/util/locale/provider/LocaleResources
instanceKlass sun/util/locale/LanguageTag
instanceKlass jdk/internal/jimage/NativeImageBuffer$1
instanceKlass jdk/internal/jimage/NativeImageBuffer
instanceKlass sun/util/locale/provider/ResourceBundleBasedAdapter
instanceKlass jdk/internal/jimage/BasicImageReader$1
instanceKlass jdk/internal/jimage/BasicImageReader
instanceKlass sun/util/locale/provider/LocaleProviderAdapter
instanceKlass jdk/internal/jimage/ImageReader
instanceKlass java/util/spi/LocaleServiceProvider
instanceKlass java/text/DecimalFormatSymbols
instanceKlass jdk/internal/jimage/ImageReaderFactory$1
instanceKlass jdk/internal/jimage/ImageReaderFactory
instanceKlass java/util/Locale$1
instanceKlass jdk/internal/module/SystemModuleFinders$SystemImage
instanceKlass jdk/internal/module/SystemModuleFinders$SystemModuleReader
instanceKlass java/lang/module/ModuleReader
instanceKlass jdk/internal/loader/BuiltinClassLoader$5
instanceKlass jdk/internal/loader/BuiltinClassLoader$2
instanceKlass java/util/Formatter
instanceKlass jdk/internal/module/Resources
instanceKlass org/fusesource/jansi/internal/JansiLoader$1
instanceKlass org/fusesource/jansi/internal/OSInfo
instanceKlass org/fusesource/jansi/internal/JansiLoader$$Lambda$10
instanceKlass java/io/FilenameFilter
instanceKlass org/fusesource/jansi/internal/JansiLoader
instanceKlass org/fusesource/jansi/internal/CLibrary
instanceKlass java/util/TreeMap$Entry
instanceKlass java/lang/ProcessEnvironment$CheckedEntry
instanceKlass java/lang/ProcessEnvironment$CheckedEntrySet$1
instanceKlass java/lang/ProcessEnvironment$EntryComparator
instanceKlass java/lang/ProcessEnvironment$NameComparator
instanceKlass org/fusesource/jansi/io/AnsiProcessor
instanceKlass org/fusesource/jansi/io/AnsiOutputStream$WidthSupplier
instanceKlass org/fusesource/jansi/AnsiConsole
instanceKlass org/fusesource/jansi/Ansi$$Lambda$9
instanceKlass java/util/concurrent/Callable
instanceKlass org/fusesource/jansi/Ansi
instanceKlass org/apache/maven/shared/utils/logging/LoggerLevelRenderer
instanceKlass org/apache/maven/shared/utils/logging/MessageBuilder
instanceKlass org/apache/maven/shared/utils/logging/MessageUtils
instanceKlass java/util/regex/Pattern$CharPredicate$$Lambda$8
instanceKlass java/lang/invoke/LambdaForm$DMH
instanceKlass sun/reflect/misc/ReflectUtil
instanceKlass java/util/regex/Pattern$$Lambda$7
instanceKlass java/util/regex/Pattern$BmpCharPredicate$$Lambda$6
instanceKlass java/util/regex/CharPredicates$$Lambda$5
instanceKlass java/util/regex/CharPredicates
instanceKlass java/util/regex/Pattern$$Lambda$4
instanceKlass java/util/regex/Pattern$BitClass$$Lambda$3
instanceKlass java/util/regex/Pattern$TreeInfo
instanceKlass java/util/regex/Pattern$$Lambda$2
instanceKlass jdk/internal/org/objectweb/asm/FieldVisitor
instanceKlass java/util/regex/Pattern$BmpCharPredicate
instanceKlass java/util/regex/Pattern$CharPredicate
instanceKlass java/util/regex/Pattern$Node
instanceKlass java/util/regex/Pattern
instanceKlass org/apache/maven/cli/CliRequest
instanceKlass org/codehaus/plexus/interpolation/ValueSource
instanceKlass org/apache/maven/eventspy/EventSpy$Context
instanceKlass org/codehaus/plexus/PlexusContainer
instanceKlass org/slf4j/Logger
instanceKlass org/apache/maven/execution/ExecutionListener
instanceKlass org/codehaus/plexus/logging/LoggerManager
instanceKlass org/apache/maven/toolchain/building/ToolchainsBuildingRequest
instanceKlass org/apache/maven/building/Source
instanceKlass org/eclipse/aether/transfer/TransferListener
instanceKlass org/apache/maven/exception/ExceptionHandler
instanceKlass org/eclipse/aether/RepositoryCache
instanceKlass org/apache/maven/cli/MavenCli
instanceKlass java/net/URLClassLoader$1
instanceKlass java/util/TreeMap$PrivateEntryIterator
instanceKlass java/util/TimSort
instanceKlass sun/security/action/GetBooleanAction
instanceKlass java/util/Arrays$LegacyMergeSort
instanceKlass java/lang/invoke/LambdaForm$MH
instanceKlass java/lang/invoke/InvokerBytecodeGenerator$CpPatch
instanceKlass java/lang/invoke/LambdaFormBuffer
instanceKlass java/lang/invoke/LambdaFormEditor
instanceKlass java/lang/invoke/DelegatingMethodHandle$Holder
instanceKlass sun/invoke/util/Wrapper$1
instanceKlass java/lang/invoke/DirectMethodHandle$1
instanceKlass sun/invoke/empty/Empty
instanceKlass sun/invoke/util/VerifyType
instanceKlass java/lang/invoke/ClassSpecializer$Factory
instanceKlass java/lang/invoke/ClassSpecializer$SpeciesData
instanceKlass java/lang/invoke/ClassSpecializer$1
instanceKlass java/lang/invoke/ClassSpecializer
instanceKlass java/lang/invoke/InnerClassLambdaMetafactory$1
instanceKlass org/codehaus/plexus/classworlds/launcher/Configurator$$Lambda$1
instanceKlass jdk/internal/org/objectweb/asm/AnnotationVisitor
instanceKlass jdk/internal/org/objectweb/asm/Frame
instanceKlass jdk/internal/org/objectweb/asm/Label
instanceKlass jdk/internal/org/objectweb/asm/MethodVisitor
instanceKlass jdk/internal/org/objectweb/asm/Item
instanceKlass jdk/internal/org/objectweb/asm/ByteVector
instanceKlass jdk/internal/org/objectweb/asm/ClassVisitor
instanceKlass sun/invoke/util/BytecodeDescriptor
instanceKlass java/lang/invoke/InfoFromMemberName
instanceKlass java/lang/invoke/MethodHandleInfo
instanceKlass jdk/internal/org/objectweb/asm/Type
instanceKlass java/lang/invoke/AbstractValidatingLambdaMetafactory
instanceKlass java/lang/invoke/MethodHandleImpl$1
instanceKlass jdk/internal/misc/JavaLangInvokeAccess
instanceKlass java/lang/invoke/Invokers$Holder
instanceKlass java/lang/invoke/BootstrapMethodInvoker
instanceKlass java/lang/invoke/InvokerBytecodeGenerator$2
instanceKlass java/lang/invoke/InvokerBytecodeGenerator
instanceKlass java/lang/invoke/LambdaForm$Holder
instanceKlass java/lang/invoke/LambdaForm$Name
instanceKlass java/lang/invoke/Invokers
instanceKlass java/lang/invoke/MethodHandleImpl
instanceKlass sun/invoke/util/ValueConversions
instanceKlass java/lang/invoke/DirectMethodHandle$Holder
instanceKlass java/lang/invoke/LambdaForm$NamedFunction
instanceKlass java/lang/invoke/LambdaMetafactory
instanceKlass org/codehaus/plexus/classworlds/strategy/AbstractStrategy
instanceKlass org/codehaus/plexus/classworlds/strategy/Strategy
instanceKlass org/codehaus/plexus/classworlds/strategy/StrategyFactory
instanceKlass java/util/NavigableMap
instanceKlass java/util/SortedMap
instanceKlass java/util/NavigableSet
instanceKlass java/net/URLClassLoader$7
instanceKlass jdk/internal/misc/JavaNetURLClassLoaderAccess
instanceKlass java/util/SortedSet
instanceKlass sun/nio/ch/IOStatus
instanceKlass java/nio/DirectByteBuffer$Deallocator
instanceKlass sun/nio/ch/Util$BufferCache
instanceKlass sun/nio/ch/Util
instanceKlass sun/nio/ch/NativeThread
instanceKlass java/nio/charset/CoderResult
instanceKlass java/io/Reader
instanceKlass java/lang/Readable
instanceKlass org/codehaus/plexus/classworlds/launcher/ConfigurationParser
instanceKlass org/codehaus/plexus/classworlds/launcher/Configurator
instanceKlass org/codehaus/plexus/classworlds/launcher/ConfigurationHandler
instanceKlass java/nio/channels/Channels
instanceKlass sun/nio/ch/FileChannelImpl$Closer
instanceKlass sun/nio/ch/NativeDispatcher
instanceKlass sun/nio/ch/NativeThreadSet
instanceKlass sun/nio/ch/IOUtil$1
instanceKlass sun/nio/ch/IOUtil
instanceKlass java/nio/channels/spi/AbstractInterruptibleChannel
instanceKlass java/nio/channels/InterruptibleChannel
instanceKlass java/nio/channels/ScatteringByteChannel
instanceKlass java/nio/channels/GatheringByteChannel
instanceKlass java/nio/channels/SeekableByteChannel
instanceKlass java/nio/channels/ByteChannel
instanceKlass java/nio/channels/WritableByteChannel
instanceKlass java/nio/channels/ReadableByteChannel
instanceKlass java/nio/channels/Channel
instanceKlass java/util/Collections$EmptyIterator
instanceKlass sun/nio/fs/WindowsChannelFactory$Flags
instanceKlass sun/nio/fs/WindowsChannelFactory$1
instanceKlass sun/nio/fs/WindowsChannelFactory
instanceKlass sun/nio/fs/WindowsSecurityDescriptor
instanceKlass java/nio/file/attribute/FileAttribute
instanceKlass java/nio/file/Paths
instanceKlass java/lang/PublicMethods$Key
instanceKlass java/lang/PublicMethods$MethodList
instanceKlass org/codehaus/plexus/classworlds/ClassWorld
instanceKlass org/codehaus/plexus/classworlds/launcher/Launcher
instanceKlass sun/security/util/Debug
instanceKlass java/security/SecureClassLoader$DebugHolder
instanceKlass java/io/FilePermissionCollection$1
instanceKlass java/security/Permissions$1
instanceKlass sun/security/util/FilePermCompat
instanceKlass java/io/FilePermission$1
instanceKlass jdk/internal/misc/JavaIOFilePermissionAccess
instanceKlass sun/net/www/MessageHeader
instanceKlass java/net/URLConnection
instanceKlass java/security/PermissionCollection
instanceKlass java/security/SecureClassLoader$1
instanceKlass java/security/SecureClassLoader$CodeSourceKey
instanceKlass sun/nio/ByteBuffered
instanceKlass java/lang/Package$VersionInfo
instanceKlass java/lang/NamedPackage
instanceKlass java/util/jar/Attributes$Name
instanceKlass java/util/jar/Attributes
instanceKlass jdk/internal/loader/Resource
instanceKlass java/util/zip/ZipFile$InflaterCleanupAction
instanceKlass java/util/zip/Inflater$InflaterZStreamRef
instanceKlass java/util/zip/Inflater
instanceKlass java/util/zip/ZipEntry
instanceKlass java/util/jar/JarFile$1
instanceKlass jdk/internal/util/jar/JarIndex
instanceKlass java/nio/Bits$1
instanceKlass jdk/internal/misc/JavaNioAccess$BufferPool
instanceKlass java/nio/Bits
instanceKlass sun/nio/ch/DirectBuffer
instanceKlass jdk/internal/perf/PerfCounter$CoreCounters
instanceKlass jdk/internal/perf/Perf
instanceKlass jdk/internal/perf/Perf$GetPerfAction
instanceKlass jdk/internal/perf/PerfCounter
instanceKlass java/util/zip/ZipUtils
instanceKlass java/util/zip/ZipFile$Source$End
instanceKlass sun/invoke/util/Wrapper$Format
instanceKlass java/lang/invoke/MethodTypeForm
instanceKlass java/lang/invoke/MethodType$ConcurrentWeakInternSet
instanceKlass java/lang/Void
instanceKlass java/lang/invoke/VarForm
instanceKlass java/lang/invoke/VarHandleGuards
instanceKlass jdk/internal/util/Preconditions$1
instanceKlass java/util/function/BiFunction
instanceKlass java/lang/invoke/VarHandle$1
instanceKlass java/lang/invoke/VarHandles
instanceKlass sun/invoke/util/VerifyAccess
instanceKlass java/lang/invoke/MethodHandles$Lookup
instanceKlass java/security/Permission
instanceKlass java/security/Guard
instanceKlass java/lang/invoke/MemberName$Factory
instanceKlass java/lang/invoke/MethodHandles
instanceKlass java/util/concurrent/atomic/AtomicBoolean
instanceKlass java/io/RandomAccessFile$2
instanceKlass jdk/internal/misc/JavaIORandomAccessFileAccess
instanceKlass java/io/RandomAccessFile
instanceKlass java/io/DataInput
instanceKlass java/io/DataOutput
instanceKlass java/nio/file/attribute/FileTime
instanceKlass sun/nio/fs/WindowsNativeDispatcher$CompletionStatus
instanceKlass sun/nio/fs/WindowsNativeDispatcher$AclInformation
instanceKlass sun/nio/fs/WindowsNativeDispatcher$Account
instanceKlass sun/nio/fs/WindowsNativeDispatcher$DiskFreeSpace
instanceKlass sun/nio/fs/WindowsNativeDispatcher$VolumeInformation
instanceKlass sun/nio/fs/WindowsNativeDispatcher$FirstStream
instanceKlass sun/nio/fs/WindowsNativeDispatcher$FirstFile
instanceKlass java/util/Enumeration
instanceKlass java/util/ArrayDeque$DeqIterator
instanceKlass java/lang/ClassLoader$NativeLibrary
instanceKlass java/lang/ClassLoader$2
instanceKlass sun/nio/fs/WindowsNativeDispatcher$1
instanceKlass sun/nio/fs/WindowsNativeDispatcher
instanceKlass sun/nio/fs/NativeBuffer$Deallocator
instanceKlass sun/nio/fs/NativeBuffer
instanceKlass sun/nio/fs/NativeBuffers
instanceKlass sun/nio/fs/WindowsFileAttributes
instanceKlass java/nio/file/attribute/DosFileAttributes
instanceKlass sun/nio/fs/AbstractBasicFileAttributeView
instanceKlass sun/nio/fs/DynamicFileAttributeView
instanceKlass sun/nio/fs/WindowsFileAttributeViews
instanceKlass sun/nio/fs/Util
instanceKlass java/nio/file/attribute/BasicFileAttributeView
instanceKlass java/nio/file/attribute/FileAttributeView
instanceKlass java/nio/file/attribute/AttributeView
instanceKlass java/nio/file/Files
instanceKlass java/nio/file/CopyOption
instanceKlass java/nio/file/attribute/BasicFileAttributes
instanceKlass sun/nio/fs/WindowsPath
instanceKlass java/nio/file/Path
instanceKlass java/nio/file/Watchable
instanceKlass java/net/URI$Parser
instanceKlass java/nio/file/FileSystems$DefaultFileSystemHolder$1
instanceKlass java/nio/file/FileSystems$DefaultFileSystemHolder
instanceKlass sun/nio/fs/WindowsPathParser$Result
instanceKlass sun/nio/fs/WindowsPathParser
instanceKlass java/util/Arrays$ArrayItr
instanceKlass java/nio/file/FileSystem
instanceKlass java/nio/file/OpenOption
instanceKlass java/nio/file/spi/FileSystemProvider
instanceKlass sun/nio/fs/DefaultFileSystemProvider
instanceKlass java/nio/file/FileSystems
instanceKlass java/util/zip/ZipFile$Source$Key
instanceKlass java/util/zip/ZipFile$Source
instanceKlass jdk/internal/misc/InnocuousThread$2
instanceKlass jdk/internal/misc/InnocuousThread$3
instanceKlass jdk/internal/ref/CleanerFactory$1$1
instanceKlass java/lang/ref/Cleaner$Cleanable
instanceKlass jdk/internal/ref/CleanerImpl
instanceKlass java/lang/ref/Cleaner$1
instanceKlass java/lang/ref/Cleaner
instanceKlass jdk/internal/ref/CleanerFactory$1
instanceKlass java/util/concurrent/ThreadFactory
instanceKlass jdk/internal/ref/CleanerFactory
instanceKlass java/util/zip/ZipFile$CleanableResource
instanceKlass java/util/zip/ZipCoder
instanceKlass java/lang/Runtime$Version
instanceKlass java/util/jar/JavaUtilJarAccessImpl
instanceKlass jdk/internal/misc/JavaUtilJarAccess
instanceKlass jdk/internal/loader/FileURLMapper
instanceKlass jdk/internal/loader/URLClassPath$JarLoader$1
instanceKlass java/util/zip/ZipFile$1
instanceKlass jdk/internal/misc/JavaUtilZipFileAccess
instanceKlass java/util/zip/ZipFile
instanceKlass java/util/zip/ZipConstants
instanceKlass jdk/internal/loader/URLClassPath$Loader
instanceKlass jdk/internal/loader/URLClassPath$3
instanceKlass java/security/PrivilegedExceptionAction
instanceKlass sun/util/locale/InternalLocaleBuilder$CaseInsensitiveChar
instanceKlass sun/util/locale/InternalLocaleBuilder
instanceKlass sun/util/locale/LocaleUtils
instanceKlass sun/util/locale/BaseLocale$Key
instanceKlass sun/util/locale/BaseLocale
instanceKlass sun/util/locale/LocaleObjectCache
instanceKlass java/util/Locale
instanceKlass sun/net/util/URLUtil
instanceKlass java/lang/StringCoding$Result
instanceKlass java/nio/charset/CharsetDecoder
instanceKlass sun/nio/cs/ArrayDecoder
instanceKlass java/lang/StringCoding$StringDecoder
instanceKlass java/lang/ThreadLocal$ThreadLocalMap
instanceKlass java/lang/StringCoding
instanceKlass sun/nio/cs/SingleByte
instanceKlass java/nio/charset/StandardCharsets
instanceKlass sun/launcher/LauncherHelper
instanceKlass jdk/jfr/internal/EventWriter
instanceKlass jdk/internal/module/IllegalAccessLogger
instanceKlass jdk/internal/module/ModuleBootstrap$2
instanceKlass jdk/internal/module/IllegalAccessLogger$Builder
instanceKlass java/lang/ModuleLayer$Controller
instanceKlass java/util/HashMap$HashIterator
instanceKlass jdk/internal/module/ServicesCatalog$ServiceProvider
instanceKlass java/util/concurrent/CopyOnWriteArrayList
instanceKlass java/util/Collections$UnmodifiableCollection$1
instanceKlass java/util/Collections$UnmodifiableCollection
instanceKlass java/util/ArrayList$Itr
instanceKlass java/util/ImmutableCollections$ListItr
instanceKlass java/util/ListIterator
instanceKlass java/lang/ModuleLayer
instanceKlass jdk/internal/module/ModuleLoaderMap$Mapper
instanceKlass java/util/function/Function
instanceKlass jdk/internal/module/ModuleLoaderMap
instanceKlass java/util/ImmutableCollections$Set12$1
instanceKlass java/util/ImmutableCollections$MapN$MapNIterator
instanceKlass java/util/AbstractMap$1$1
instanceKlass java/lang/module/ResolvedModule
instanceKlass java/lang/module/Configuration
instanceKlass java/util/ImmutableCollections$SetN$SetNIterator
instanceKlass jdk/internal/loader/BuiltinClassLoader$LoadedModule
instanceKlass jdk/internal/util/Preconditions
instanceKlass java/util/Deque
instanceKlass java/util/Queue
instanceKlass java/lang/Class$1
instanceKlass java/lang/reflect/ReflectAccess
instanceKlass jdk/internal/reflect/LangReflectAccess
instanceKlass java/lang/reflect/Modifier
instanceKlass java/lang/Class$Atomic
instanceKlass java/lang/Class$ReflectionData
instanceKlass java/net/URLStreamHandler
instanceKlass java/lang/StringUTF16
instanceKlass sun/net/www/ParseUtil
instanceKlass java/io/ExpiringCache$Entry
instanceKlass java/net/URL$3
instanceKlass jdk/internal/misc/JavaNetURLAccess
instanceKlass java/net/URL$DefaultFactory
instanceKlass java/net/URLStreamHandlerFactory
instanceKlass jdk/internal/loader/URLClassPath
instanceKlass java/security/Principal
instanceKlass java/security/ProtectionDomain$Key
instanceKlass java/security/ProtectionDomain$JavaSecurityAccessImpl
instanceKlass jdk/internal/misc/JavaSecurityAccess
instanceKlass java/lang/ClassLoader$ParallelLoaders
instanceKlass jdk/internal/reflect/Reflection
instanceKlass jdk/internal/loader/AbstractClassLoaderValue
instanceKlass jdk/internal/module/ServicesCatalog
instanceKlass jdk/internal/loader/BootLoader
instanceKlass java/util/Optional
instanceKlass jdk/internal/module/ModuleBootstrap$Counters
instanceKlass jdk/internal/module/SystemModuleFinders$SystemModuleFinder
instanceKlass java/lang/module/ModuleFinder
instanceKlass jdk/internal/module/SystemModuleFinders$3
instanceKlass jdk/internal/module/ModuleHashes$HashSupplier
instanceKlass java/util/KeyValueHolder
instanceKlass jdk/internal/module/SystemModuleFinders$2
instanceKlass java/util/function/Supplier
instanceKlass java/lang/module/ModuleReference
instanceKlass jdk/internal/module/ModuleResolution
instanceKlass java/util/Collections$UnmodifiableMap
instanceKlass java/util/HashMap$Node
instanceKlass jdk/internal/module/ModuleHashes$Builder
instanceKlass jdk/internal/module/ModuleHashes
instanceKlass jdk/internal/module/ModuleTarget
instanceKlass java/lang/Enum
instanceKlass java/lang/module/ModuleDescriptor$Version
instanceKlass java/lang/module/ModuleDescriptor$Provides
instanceKlass java/lang/module/ModuleDescriptor$Opens
instanceKlass java/lang/module/ModuleDescriptor$Exports
instanceKlass java/util/ImmutableCollections
instanceKlass java/lang/module/ModuleDescriptor$Requires
instanceKlass jdk/internal/module/Builder
instanceKlass jdk/internal/module/SystemModules$default
instanceKlass jdk/internal/module/SystemModules
instanceKlass jdk/internal/module/SystemModulesMap
instanceKlass java/net/URI$1
instanceKlass jdk/internal/misc/JavaNetUriAccess
instanceKlass java/net/URI
instanceKlass jdk/internal/module/SystemModuleFinders
instanceKlass jdk/internal/module/ModulePatcher
instanceKlass java/io/ExpiringCache
instanceKlass java/io/FileSystem
instanceKlass java/io/DefaultFileSystem
instanceKlass java/io/File
instanceKlass java/lang/module/ModuleDescriptor$1
instanceKlass jdk/internal/misc/JavaLangModuleAccess
instanceKlass java/lang/module/ModuleDescriptor
instanceKlass jdk/internal/module/ModuleBootstrap
instanceKlass java/lang/CharacterData
instanceKlass java/lang/invoke/MethodHandleStatics
instanceKlass java/lang/System$2
instanceKlass jdk/internal/misc/JavaLangAccess
instanceKlass sun/io/Win32ErrorMode
instanceKlass jdk/internal/misc/OSEnvironment
instanceKlass java/lang/Integer$IntegerCache
instanceKlass jdk/internal/misc/Signal$NativeHandler
instanceKlass java/util/Hashtable$Entry
instanceKlass jdk/internal/misc/Signal
instanceKlass java/lang/Terminator$1
instanceKlass jdk/internal/misc/Signal$Handler
instanceKlass java/lang/Terminator
instanceKlass java/nio/ByteOrder
instanceKlass java/nio/Buffer$1
instanceKlass jdk/internal/misc/JavaNioAccess
instanceKlass java/util/Arrays
instanceKlass java/nio/charset/CodingErrorAction
instanceKlass java/nio/charset/CharsetEncoder
instanceKlass sun/nio/cs/HistoricallyNamedCharset
instanceKlass sun/security/action/GetPropertyAction
instanceKlass java/lang/ThreadLocal
instanceKlass java/nio/charset/spi/CharsetProvider
instanceKlass java/nio/charset/Charset
instanceKlass java/io/Writer
instanceKlass java/io/OutputStream
instanceKlass java/io/Flushable
instanceKlass java/io/FileDescriptor$1
instanceKlass jdk/internal/misc/JavaIOFileDescriptorAccess
instanceKlass java/io/FileDescriptor
instanceKlass java/lang/VersionProps
instanceKlass jdk/internal/util/StaticProperty
instanceKlass java/lang/Math
instanceKlass java/util/concurrent/ConcurrentHashMap$MapEntry
instanceKlass java/util/concurrent/ConcurrentHashMap$Traverser
instanceKlass java/util/Iterator
instanceKlass java/lang/reflect/Array
instanceKlass java/util/Collections$SynchronizedCollection
instanceKlass java/util/List
instanceKlass java/util/RandomAccess
instanceKlass java/util/Collections
instanceKlass java/util/concurrent/ConcurrentHashMap$CollectionView
instanceKlass java/util/Properties$EntrySet
instanceKlass java/lang/StringLatin1
instanceKlass jdk/internal/misc/VM
instanceKlass jdk/internal/misc/SharedSecrets
instanceKlass java/lang/ref/Reference$1
instanceKlass jdk/internal/misc/JavaLangRefAccess
instanceKlass java/lang/ref/ReferenceQueue$Lock
instanceKlass java/lang/ref/ReferenceQueue
instanceKlass jdk/internal/reflect/ReflectionFactory
instanceKlass java/util/concurrent/locks/LockSupport
instanceKlass java/util/concurrent/ConcurrentHashMap$Node
instanceKlass java/util/Map$Entry
instanceKlass java/util/concurrent/ConcurrentHashMap$CounterCell
instanceKlass java/util/concurrent/locks/ReentrantLock
instanceKlass java/util/concurrent/locks/Lock
instanceKlass java/lang/Runtime
instanceKlass java/util/concurrent/ConcurrentMap
instanceKlass java/util/AbstractMap
instanceKlass java/security/cert/Certificate
instanceKlass jdk/internal/reflect/ReflectionFactory$GetReflectionFactoryAction
instanceKlass java/security/PrivilegedAction
instanceKlass java/util/Objects
instanceKlass java/util/AbstractCollection
instanceKlass java/util/Set
instanceKlass java/util/Collection
instanceKlass java/lang/Iterable
instanceKlass java/security/AccessController
instanceKlass java/lang/String$CaseInsensitiveComparator
instanceKlass java/util/Comparator
instanceKlass java/io/ObjectStreamField
instanceKlass java/lang/Number
instanceKlass java/lang/Character
instanceKlass java/lang/Boolean
instanceKlass java/util/concurrent/locks/AbstractOwnableSynchronizer
instanceKlass java/lang/LiveStackFrame
instanceKlass java/lang/StackFrameInfo
instanceKlass java/lang/StackWalker$StackFrame
instanceKlass java/lang/StackStreamFactory$AbstractStackWalker
instanceKlass java/lang/StackWalker
instanceKlass java/nio/Buffer
instanceKlass java/lang/StackTraceElement
instanceKlass java/security/CodeSource
instanceKlass jdk/internal/loader/ClassLoaders
instanceKlass java/util/jar/Manifest
instanceKlass java/net/URL
instanceKlass java/io/InputStream
instanceKlass java/io/Closeable
instanceKlass java/lang/AutoCloseable
instanceKlass jdk/internal/module/Modules
instanceKlass jdk/internal/misc/Unsafe
instanceKlass java/lang/AbstractStringBuilder
instanceKlass java/lang/Appendable
instanceKlass java/lang/AssertionStatusDirectives
instanceKlass java/lang/invoke/MethodHandleNatives$CallSiteContext
instanceKlass java/lang/invoke/CallSite
instanceKlass java/lang/invoke/MethodType
instanceKlass java/lang/invoke/LambdaForm
instanceKlass java/lang/invoke/MethodHandleNatives
instanceKlass java/lang/invoke/ResolvedMethodName
instanceKlass java/lang/invoke/MemberName
instanceKlass java/lang/invoke/VarHandle
instanceKlass java/lang/invoke/MethodHandle
instanceKlass jdk/internal/reflect/CallerSensitive
instanceKlass java/lang/annotation/Annotation
instanceKlass jdk/internal/reflect/FieldAccessor
instanceKlass jdk/internal/reflect/ConstantPool
instanceKlass jdk/internal/reflect/ConstructorAccessor
instanceKlass jdk/internal/reflect/MethodAccessor
instanceKlass jdk/internal/reflect/MagicAccessorImpl
instanceKlass java/lang/reflect/Parameter
instanceKlass java/lang/reflect/Member
instanceKlass java/lang/reflect/AccessibleObject
instanceKlass java/lang/Module
instanceKlass java/util/Dictionary
instanceKlass java/util/Map
instanceKlass java/lang/ThreadGroup
instanceKlass java/lang/Thread$UncaughtExceptionHandler
instanceKlass java/lang/Thread
instanceKlass java/lang/Runnable
instanceKlass java/lang/ref/Reference
instanceKlass java/security/AccessControlContext
instanceKlass java/security/ProtectionDomain
instanceKlass java/lang/SecurityManager
instanceKlass java/lang/Throwable
instanceKlass java/lang/System
instanceKlass java/lang/ClassLoader
instanceKlass java/lang/Cloneable
instanceKlass java/lang/Class
instanceKlass java/lang/reflect/Type
instanceKlass java/lang/reflect/GenericDeclaration
instanceKlass java/lang/reflect/AnnotatedElement
instanceKlass java/lang/String
instanceKlass java/lang/CharSequence
instanceKlass java/lang/Comparable
instanceKlass java/io/Serializable
ciInstanceKlass java/lang/Object 1 1 92 100 10 10 10 10 8 10 10 10 10 100 8 10 3 8 10 7 1 1 1 1 1 1 1 1 1 1 1 1 1 1 1 1 1 1 1 1 1 1 1 100 1 1 1 1 1 7 1 1 1 1 1 1 1 100 1 1 1 1 1 1 1 1 12 12 100 12 12 1 12 100 12 12 12 1 1 12 1 12 1 1 1 1 1 1 1 1 1 1 1 1
ciInstanceKlass java/io/Serializable 1 0 7 100 100 1 1 1 1
ciInstanceKlass java/lang/String 1 1 876 10 8 9 9 9 10 10 10 9 10 7 10 10 10 10 10 100 8 10 10 9 9 8 10 10 10 10 10 10 10 10 10 10 10 10 10 10 10 100 10 10 100 10 10 10 10 10 10 10 10 10 10 10 10 10 10 10 10 10 10 10 10 100 100 10 10 11 11 10 10 10 10 10 10 9 11 10 10 10 10 10 10 10 10 10 10 10 10 10 10 10 10 10 10 10 10 10 10 10 10 10 10 10 10 10 10 10 10 10 10 10 10 10 10 11 10 10 10 10 10 10 100 10 7 10 10 10 10 10 8 10 10 100 3 3 100 10 10 10 10 10 11 100 10 10 100 10 10 10 11 11 11 7 10 10 10 10 10 10 10 10 10 10 10 10 10 10 10 10 10 10 10 10 100 100 10 100 10 10 100 10 10 10 7 10 10 10 10 8 10 10 10 8 8 10 10 10 10 10 10 10 100 10 8 10 10 10 100 3 8 8 8 10 10 10 10 10 10 8 8 10 8 8 8 8 8 10 10 10 8 7 10 10 10 7 9 7 10 100 100 1 1 1 1 1 1 1 1 1 1 1 1 1 5 0 1 1 1 1 1 1 1 1 1 3 1 3 1 1 1 1 1 1 1 1 1 1 1 1 1 1 1 1 1 1 1 1 1 1 100 1 1 1 1 100 1 1 1 1 1 1 1 1 1 1 7 1 1 1 100 1 1 1 100 1 1 1 1 1 1 1 1 1 1 1 1 1 1 1 1 1 1 1 1 1 1 1 1 1 1 1 1 1 1 1 1 1 1 1 1 1 1 1 1 1 1 1 1 1 1 1 1 1 1 1 1 1 1 100 1 1 1 1 1 1 1 1 1 1 1 1 1 1 1 1 1 1 1 1 1 1 1 1 1 1 1 1 1 1 1 1 1 1 1 1 1 1 1 1 1 1 1 1 1 1 1 1 1 1 1 1 1 1 1 1 1 1 1 1 1 1 1 1 1 1 1 1 1 1 1 1 1 1 1 1 1 1 1 1 1 1 1 1 1 1 1 1 1 1 1 1 1 1 1 1 100 1 1 1 100 1 1 1 1 1 1 1 1 1 1 1 1 1 1 1 100 1 1 1 1 100 1 1 100 1 1 1 1 1 1 1 1 1 1 1 1 1 1 1 1 1 1 1 1 1 1 1 1 1 1 1 1 1 1 1 1 1 100 1 1 1 1 1 1 1 1 1 1 1 1 1 1 1 1 1 1 1 1 1 12 1 12 12 12 12 12 12 12 7 12 1 7 7 12 12 12 12 1 12 7 12 12 12 12 12 12 12 12 12 12 12 12 12 12 1 12 12 1 12 12 12 12 100 12 12 12 12 12 12 12 12 12 12 1 1 12 12 12 12 12 12 12 12 12 7 12 12 12 12 12 12 12 12 12 12 12 12 12 12 12 12 12 12 12 12 12 12 12 12 7 12 12 12 12 7 12 12 12 12 7 12 12 7 12 1 1 12 12 12 1 12 1 1 12 12 12 12 100 12 12 12 1 12 12 100 12 12 12 1 12 7 12 12 12 12 12 12 12 12 12 12 12 1 1 1 12 1 100 12 1 1 12 1 12 12 1 12 12 1 1 12 12 12 100 12 100 12 100 12 1 1 12 12 1 1 1 1 12 12 12 12 1 1 1 1 1 1 1 12 12 12 1 1 12 12 12 1 12 1 1 1 1 1 1 1 1 1 1 1 1 1 1 1 1 1 1 1 1 1 1 1 1 1 1 1 1 1 1 1 1 1 1 1 1 1 1 1 1 1 1 1 1 1 1 1 1 1 1 1 1 1 1 1 1 1 1 1 1 1 1 1 1 1 1 1 1 1 1 1 1 1 1 1 1 1 1 1 1 1 1 1 1 1 1 1 1 1 1 1 1 1 1 1 1 1 1 1 1 1 1 1 1 1 1 1 1 1 1 1 1 1 1 1 1 1 1 1 1 1 1 1 1 1 1 1
staticfield java/lang/String COMPACT_STRINGS Z 1
staticfield java/lang/String serialPersistentFields [Ljava/io/ObjectStreamField; 0 [Ljava/io/ObjectStreamField;
staticfield java/lang/String CASE_INSENSITIVE_ORDER Ljava/util/Comparator; java/lang/String$CaseInsensitiveComparator
ciInstanceKlass java/lang/Class 1 1 1435 10 9 9 100 10 10 8 10 8 8 10 10 10 10 10 10 10 10 10 10 10 8 10 8 8 10 100 8 8 8 10 11 10 10 8 10 10 10 10 9 10 10 10 18 10 7 10 10 10 100 10 9 7 100 8 10 10 10 10 7 10 100 100 10 10 9 10 10 7 10 100 10 10 10 9 10 10 10 9 10 10 100 10 10 10 10 9 8 10 10 10 10 10 10 9 10 7 10 10 10 10 10 10 10 10 10 10 10 10 10 10 10 10 10 10 10 10 100 8 10 10 100 10 100 11 10 10 10 10 10 10 8 10 10 8 9 10 10 10 10 100 9 10 9 10 10 10 8 10 10 10 10 100 10 10 10 10 10 10 10 100 10 10 10 10 10 10 10 10 10 7 10 10 11 10 10 10 10 10 10 100 10 10 10 100 100 10 10 10 10 10 10 10 10 11 10 10 9 10 9 7 10 9 10 7 10 9 10 10 10 10 10 10 10 8 10 10 9 9 10 7 9 10 10 7 10 10 10 10 9 10 9 10 10 9 9 10 10 9 100 10 10 7 10 100 11 9 9 7 10 9 9 10 10 9 7 10 10 10 10 10 10 10 9 10 10 10 10 8 7 10 7 8 8 8 8 10 9 9 10 7 9 7 10 7 10 10 9 8 10 7 10 7 10 9 100 8 10 7 4 10 10 11 10 100 10 10 8 8 10 9 11 7 11 9 10 10 10 9 9 10 10 10 10 10 11 11 11 11 100 11 10 10 100 11 10 10 10 11 11 7 10 10 9 9 10 10 10 10 100 10 10 7 9 100 7 100 100 1 1 1 7 1 1 1 1 1 3 1 3 1 3 1 1 1 1 1 1 1 1 1 1 1 1 1 1 1 1 1 1 1 1 1 1 1 1 1 1 1 1 5 0 1 1 1 1 1 1 1 1 1 1 1 1 1 1 1 100 1 1 1 1 1 1 1 1 1 1 1 1 1 1 1 1 1 1 7 1 1 1 1 1 1 1 1 1 1 1 1 1 1 1 100 1 1 1 1 1 100 1 1 1 1 1 1 1 1 1 100 1 1 1 1 1 1 1 1 1 7 1 1 1 1 1 1 1 1 1 1 1 1 1 1 1 1 1 1 1 1 1 1 1 1 1 1 1 1 1 1 1 1 1 1 1 1 1 7 1 1 1 1 1 1 1 1 100 1 1 1 1 1 1 1 1 1 1 1 1 1 1 1 1 1 100 1 1 1 1 1 1 1 1 1 1 1 1 1 1 1 1 1 1 1 1 1 1 1 1 100 100 1 1 1 1 1 1 1 1 1 1 1 1 1 1 100 1 1 1 1 1 1 1 1 1 1 1 1 1 1 1 1 1 1 1 1 1 1 1 1 1 1 1 1 1 1 1 1 1 1 1 1 1 1 1 1 1 1 1 1 1 1 1 1 1 1 1 1 1 1 1 7 1 1 1 1 1 1 1 1 1 100 100 100 1 1 1 1 1 1 1 1 1 1 1 1 1 1 1 1 1 1 1 1 1 1 1 1 1 1 1 1 1 1 1 1 1 1 1 1 1 1 1 1 1 1 1 1 1 1 1 1 1 1 1 1 1 1 1 1 1 1 1 1 1 1 1 1 1 1 1 1 1 1 1 1 1 1 1 1 1 1 1 1 1 1 7 1 1 1 1 1 1 1 1 1 1 1 1 1 1 1 1 1 1 1 1 1 1 1 1 1 1 1 1 1 1 1 1 100 1 1 1 1 1 1 1 1 1 1 1 1 1 100 1 1 1 1 1 1 7 1 1 1 1 1 1 1 1 1 1 1 1 1 1 1 1 1 1 1 1 1 1 1 1 1 1 1 1 1 1 1 1 1 1 1 1 1 1 1 1 7 1 1 1 1 1 1 1 1 1 1 1 1 1 1 1 1 1 1 1 1 1 1 1 1 1 12 12 12 1 12 1 12 1 1 12 12 12 12 12 12 7 12 12 12 12 1 12 1 1 12 1 1 1 1 12 12 12 1 7 12 12 12 7 12 7 12 12 7 12 12 1 15 16 15 16 12 7 12 1 12 12 7 1 12 12 1 1 1 12 12 12 12 1 12 1 1 12 12 12 12 1 100 12 12 12 12 12 12 12 12 12 1 12 12 12 12 1 12 12 12 12 12 12 12 7 12 12 12 12 12 12 12 12 12 12 12 12 12 12 12 12 12 12 1 1 12 1 12 1 12 100 12 12 12 12 12 1 12 12 1 12 12 12 12 12 1 12 12 12 12 12 1 12 12 12 12 1 12 12 12 12 12 12 12 1 12 12 12 12 12 12 12 1 7 12 12 12 12 100 12 12 12 1 12 12 1 1 12 12 12 12 12 12 100 12 7 12 12 12 12 12 12 1 12 12 1 12 12 100 12 12 12 100 12 12 12 12 1 12 12 12 12 12 1 12 12 12 1 12 12 7 12 7 12 12 12 12 12 12 12 12 12 12 12 1 12 1 12 100 12 12 1 12 12 12 12 12 12 1 12 12 12 12 12 12 12 12 12 1 7 1 1 1 1 12 12 12 12 1 12 1 1 1 12 100 12 12 1 12 1 12 12 1 1 1 12 12 12 1 12 1 1 12 12 12 1 12 12 100 12 7 12 12 12 12 12 12 12 12 12 12 12 12 1 12 100 12 12 1 12 100 12 12 12 12 1 12 12 12 7 12 12 7 12 12 12 1 12 12 1 12 1 1 1 1 1 100 1 1 1 1 1 1 1 1 1 1 1 1 1 1 1 1 1 1 1 1 1 1 1 1 1 1 1 1 1 1 1 1 1 1 1 1 1 1 1 1 10 1 1 1 1 1 1 1 1 1 1 1 1 1 1 1 1 1 1 1 1 1 1 1 1 1 1 1 1 1 1 1 1 1 1 1 1 1 1 1 1 1 1 1 1 1 1 1 1 1 1 1 1 1 1 1 1 1 1 1 1 1 1 1 1 1 1 1 1 1 1 1 1 1 1 1 1 1 1 1 1 1 1 1 1 1 1 1 1 1 1 1 1 1 1 1 1 1 1 1 1 1 1 1 1 1 1 1 1 1 1 1 1 1 1 1 1 1 1 1 1 1 1 1 1 1 1 1 1 1 1 1 1 1 1 1 1 1 1 1 1 1 1 1 1 1 1 1 1 1 1 1 1 1 1 1 1 1 1 1 1 1 1 1 1 1 1 1 1 1 1 1 1 1 1 1 100 12 1 1 100 1 1 100 1 1
staticfield java/lang/Class EMPTY_CLASS_ARRAY [Ljava/lang/Class; 0 [Ljava/lang/Class;
staticfield java/lang/Class serialPersistentFields [Ljava/io/ObjectStreamField; 0 [Ljava/io/ObjectStreamField;
ciInstanceKlass java/lang/Cloneable 1 0 7 100 100 1 1 1 1
instanceKlass org/eclipse/sisu/space/CloningClassSpace$CloningClassLoader
instanceKlass jdk/internal/reflect/DelegatingClassLoader
instanceKlass java/security/SecureClassLoader
ciInstanceKlass java/lang/ClassLoader 1 1 1189 9 10 9 10 7 10 10 9 10 100 10 10 10 100 8 10 10 10 10 7 10 7 7 7 10 10 9 7 10 9 9 9 9 9 7 10 9 10 10 9 9 7 9 7 10 10 9 10 7 10 8 10 10 10 7 10 10 8 10 10 10 10 10 10 10 10 7 10 10 10 10 10 10 10 10 10 10 10 10 10 10 10 100 10 100 10 10 10 10 10 100 8 10 8 10 10 100 8 10 10 10 10 10 10 10 10 10 10 10 10 10 10 10 10 10 10 10 10 10 10 10 10 10 8 11 9 11 10 8 8 10 100 10 10 10 10 10 10 10 10 10 7 10 10 10 7 10 100 18 10 10 10 7 10 10 10 100 10 10 10 10 8 100 10 10 9 10 10 100 8 10 10 8 8 10 10 7 10 10 100 100 10 100 100 10 10 10 10 10 10 9 10 10 10 10 10 8 10 7 18 10 10 10 10 8 10 10 18 11 100 10 10 10 11 10 18 10 11 18 11 10 9 7 10 10 8 10 9 8 10 9 8 7 10 10 100 8 10 10 10 8 8 10 10 10 8 8 10 10 10 7 10 10 10 10 10 11 11 11 11 11 7 10 9 9 9 10 10 100 10 100 10 10 10 9 9 9 9 9 9 8 10 10 10 10 10 11 10 100 10 10 10 7 7 10 1 1 7 1 1 1 1 1 1 1 1 1 1 1 1 1 1 1 1 1 1 1 1 1 1 1 1 1 1 1 1 1 1 1 1 1 1 1 1 1 1 1 1 1 1 1 1 1 1 1 1 1 1 1 1 1 1 1 1 1 1 1 1 1 1 1 1 1 1 1 1 1 1 100 1 1 1 1 100 1 1 1 1 1 1 1 1 1 1 1 1 1 1 1 1 1 100 1 1 1 1 1 1 1 1 1 1 1 1 1 1 1 1 100 1 1 1 1 1 1 1 1 1 1 1 1 100 1 1 1 1 1 1 1 1 1 1 1 1 1 1 1 1 1 1 1 1 1 1 1 1 1 1 1 1 1 1 1 1 1 1 1 1 1 7 1 1 1 1 1 1 1 1 1 1 1 1 1 1 1 1 1 1 1 1 1 1 1 7 1 1 1 1 1 100 1 1 1 1 1 1 1 1 1 1 1 1 1 1 1 1 1 1 1 1 1 100 1 1 1 1 1 1 1 1 1 1 1 1 1 1 1 1 1 1 1 1 1 1 1 1 1 1 1 1 1 1 1 1 1 1 1 1 1 1 1 1 1 1 1 1 1 1 1 1 1 1 1 1 1 1 1 1 1 1 1 1 1 1 100 1 1 1 1 1 1 1 1 1 1 1 1 1 1 1 1 1 1 1 1 1 100 100 1 1 1 1 1 1 1 1 1 1 1 1 1 1 1 1 1 1 1 1 1 1 1 7 1 1 1 1 1 1 1 1 1 1 1 1 1 1 1 1 100 1 1 1 1 1 1 1 1 1 1 1 1 1 1 1 1 1 1 1 1 1 1 1 1 1 1 1 1 1 100 12 12 12 12 1 12 12 12 12 1 12 12 12 1 1 12 7 12 12 1 1 1 12 12 12 1 12 12 12 12 12 1 12 12 12 12 12 12 1 12 1 12 12 12 1 1 12 12 1 12 7 12 1 12 12 12 12 12 12 12 12 1 12 100 12 12 12 12 12 12 12 12 12 100 12 12 12 12 1 12 1 12 7 12 12 12 1 1 1 12 12 1 1 12 12 12 12 12 12 12 12 12 12 12 12 7 12 12 12 12 12 12 12 12 12 12 12 1 12 12 12 1 1 12 1 12 12 12 12 12 7 12 12 7 1 12 12 1 12 1 1 15 16 15 16 12 100 12 100 12 7 12 1 12 12 12 1 12 12 7 12 12 1 1 12 12 7 12 12 1 1 12 1 1 12 12 1 12 100 12 1 1 12 1 1 12 12 12 12 12 12 100 12 12 12 12 12 12 1 12 1 16 15 16 12 12 12 12 12 1 12 12 16 15 16 12 12 1 12 12 12 15 12 7 12 16 15 16 12 12 12 12 1 12 12 1 12 12 1 12 12 1 1 12 1 1 12 12 1 1 12 12 100 12 1 1 100 12 12 1 12 12 12 12 12 12 12 12 1 12 12 12 12 12 12 1 1 12 12 12 12 12 12 12 12 12 12 7 12 12 12 12 12 100 12 1 12 12 12 1 1 1 1 1 1 1 1 1 1 1 1 1 1 1 1 1 1 1 1 1 1 1 1 1 1 1 1 1 1 1 1 1 1 1 1 1 1 1 1 1 1 1 1 1 1 1 1 1 1 1 1 1 1 1 1 1 1 1 1 1 1 1 1 1 1 1 1 1 1 1 1 1 1 1 1 1 1 1 1 1 1 1 1 1 1 1 1 1 1 1 1 1 1 1 1 1 10 1 10 1 1 1 1 1 1 1 1 1 1 1 1 1 1 1 1 1 1 1 1 1 1 1 1 1 1 1 1 1 1 1 1 1 1 1 1 1 1 1 1 1 1 1 1 10 1 1 1 1 1 1 1 1 10 1 1 1 1 1 10 1 1 1 10 1 1 1 1 1 1 1 1 1 1 1 1 1 1 1 1 1 1 1 1 1 1 1 1 1 1 1 1 1 1 1 1 1 1 1 1 1 1 1 1 1 100 12 12 12 12 12 12 1 1 100 1 1 100 1 1
staticfield java/lang/ClassLoader nocerts [Ljava/security/cert/Certificate; 0 [Ljava/security/cert/Certificate;
staticfield java/lang/ClassLoader loadedLibraryNames Ljava/util/Set; java/util/HashSet
staticfield java/lang/ClassLoader $assertionsDisabled Z 1
ciInstanceKlass java/lang/System 1 1 622 10 10 10 10 10 9 7 10 11 10 10 10 100 8 10 10 9 100 8 10 8 10 100 10 8 10 10 100 10 10 10 9 9 7 10 10 10 10 10 10 100 100 8 10 10 7 10 100 8 10 8 10 100 8 10 100 10 8 10 10 10 8 10 10 10 100 8 10 10 10 100 18 100 9 10 100 10 10 10 10 10 10 10 10 7 7 10 10 100 10 10 100 8 10 9 9 10 10 10 10 8 10 10 8 10 10 8 10 10 7 9 10 7 9 10 9 7 10 8 10 8 10 10 10 10 10 10 10 10 9 100 8 10 8 10 10 8 100 10 10 10 10 100 10 10 10 10 10 8 10 10 10 10 8 10 10 10 7 10 10 10 9 100 1 1 1 1 1 1 1 1 1 1 1 1 1 1 1 1 1 1 1 1 1 1 1 1 1 1 1 1 1 1 1 1 1 1 1 100 100 1 1 1 100 1 1 1 1 1 1 1 1 1 1 1 1 1 1 1 1 1 1 1 1 1 1 1 1 1 1 1 1 1 1 1 1 1 1 1 1 1 1 1 1 1 1 1 1 1 1 1 1 1 1 1 1 1 1 1 1 1 1 1 1 1 1 1 1 1 1 1 1 1 1 1 1 1 1 1 1 1 1 1 1 1 1 1 100 1 1 1 1 1 1 1 1 1 1 1 1 1 1 1 1 1 100 1 1 1 1 1 1 1 100 12 12 12 12 12 12 1 7 12 100 12 100 12 12 12 1 1 12 12 12 1 1 12 1 12 1 12 12 12 1 12 100 12 12 12 12 1 12 12 12 12 12 1 1 1 12 12 1 12 1 1 1 12 1 1 1 1 12 12 7 12 1 12 100 12 7 12 1 1 12 100 12 1 1 15 16 15 16 12 1 12 12 1 12 12 7 12 12 12 12 12 12 1 1 12 12 1 12 7 12 1 1 12 12 12 12 12 12 1 12 12 1 12 12 1 7 12 7 12 1 7 12 12 1 12 12 1 12 1 12 1 7 12 12 7 12 12 7 12 12 12 7 12 12 1 1 12 1 12 1 1 12 7 12 12 1 12 12 12 100 12 1 12 12 1 12 12 12 1 12 12 12 1 1 1 1 1 1 1 1 1 1 1 1 1 1 1 1 1 1 1 1 1 1 1 1 1 1 1 1 1 1 1 1 1 1 1 1 1 1 1 1 1 1 1 1 1 1 1 10 1 10 1 1 1 1 1 1 1 1 1 1 1 1 1 1 1 1 1 1 1 1 1 1 1 1 1 1 1 1 1 1 1 1 1 1 1 1 1 1 1 1 1 1 1 1 1 1 1 1 1 1 1 1 1 1 1 1 1 1 1 1 1 1 1 1 1 1 1 1 1 1 1 1 1 1 100 12 12 1 1 100 1 1 100 1 1
staticfield java/lang/System in Ljava/io/InputStream; java/io/BufferedInputStream
staticfield java/lang/System out Ljava/io/PrintStream; org/fusesource/jansi/AnsiPrintStream
staticfield java/lang/System err Ljava/io/PrintStream; org/fusesource/jansi/AnsiPrintStream
instanceKlass java/lang/Exception
instanceKlass java/lang/Error
ciInstanceKlass java/lang/Throwable 1 1 364 10 9 9 9 9 9 10 9 10 10 100 100 10 8 10 8 10 10 10 100 8 10 10 10 10 8 9 10 100 10 10 100 10 10 11 10 10 10 8 10 10 7 8 8 10 10 8 8 9 10 100 10 11 8 8 10 8 10 8 100 10 9 10 10 7 9 10 10 100 8 10 10 11 100 10 11 11 11 8 8 10 11 10 9 8 10 9 10 9 11 100 10 7 10 7 100 1 1 1 100 1 100 1 1 1 1 5 0 1 1 1 1 1 1 1 1 1 1 1 1 1 1 1 1 1 1 1 1 1 1 1 1 1 1 1 1 1 1 1 1 1 1 1 100 1 1 1 1 1 1 1 1 1 1 1 1 1 1 1 1 1 1 1 1 1 1 1 1 1 1 100 1 1 1 1 1 1 1 1 1 1 1 1 1 1 1 1 1 1 1 1 1 1 1 1 1 1 100 100 1 100 100 1 1 1 1 1 1 1 1 1 1 1 1 12 12 12 12 12 12 12 12 12 12 1 1 1 12 1 100 12 12 1 1 12 7 12 12 1 100 12 12 1 12 12 1 7 12 12 12 12 12 1 12 12 1 1 1 12 12 1 1 12 100 12 1 12 1 1 12 1 12 1 1 12 12 12 7 12 12 12 100 1 1 12 100 12 12 1 12 12 12 12 1 1 100 12 1 100 12 100 12 12 12 12 1 12 1 1 1 1 1 1 1 1 1 1 1 1 1 1 1 1 1 1 1 1 1 1 1 1 1 1 1 1 1 1 1 1 1 1 1 1 1 1 1 1 1 1 1 1 1 1 1 1 1 1 1 1 1 1 1 1
staticfield java/lang/Throwable UNASSIGNED_STACK [Ljava/lang/StackTraceElement; 0 [Ljava/lang/StackTraceElement;
staticfield java/lang/Throwable SUPPRESSED_SENTINEL Ljava/util/List; java/util/Collections$EmptyList
staticfield java/lang/Throwable EMPTY_THROWABLE_ARRAY [Ljava/lang/Throwable; 0 [Ljava/lang/Throwable;
staticfield java/lang/Throwable $assertionsDisabled Z 1
instanceKlass com/google/common/util/concurrent/ExecutionError
instanceKlass java/util/ServiceConfigurationError
instanceKlass java/lang/AssertionError
instanceKlass java/io/IOError
instanceKlass org/apache/maven/BuildAbort
instanceKlass java/lang/VirtualMachineError
instanceKlass java/lang/LinkageError
instanceKlass java/lang/ThreadDeath
ciInstanceKlass java/lang/Error 1 1 40 10 10 10 10 10 100 7 1 1 1 5 0 1 1 1 1 1 1 1 1 1 1 1 1 1 1 1 1 1 1 1 1 12 12 12 12 12 1 1
ciInstanceKlass java/lang/ThreadDeath 0 0 21 10 100 100 1 1 1 5 0 1 1 1 1 1 1 1 1 1 12 1 1
instanceKlass org/apache/maven/plugin/AbstractMojoExecutionException
instanceKlass java/util/concurrent/TimeoutException
instanceKlass com/google/common/collect/RegularImmutableMap$BucketOverflowException
instanceKlass java/util/concurrent/ExecutionException
instanceKlass java/lang/InterruptedException
instanceKlass com/google/inject/internal/ErrorsException
instanceKlass com/google/inject/internal/InternalProvisionException
instanceKlass org/codehaus/plexus/context/ContextException
instanceKlass java/text/ParseException
instanceKlass org/codehaus/plexus/PlexusContainerException
instanceKlass org/codehaus/plexus/component/repository/exception/ComponentLookupException
instanceKlass org/codehaus/plexus/util/xml/pull/XmlPullParserException
instanceKlass java/lang/CloneNotSupportedException
instanceKlass sun/nio/fs/WindowsException
instanceKlass org/apache/commons/cli/ParseException
instanceKlass org/codehaus/plexus/interpolation/InterpolationException
instanceKlass org/apache/maven/cli/MavenCli$ExitException
instanceKlass org/codehaus/plexus/classworlds/ClassWorldException
instanceKlass org/codehaus/plexus/classworlds/launcher/ConfigurationException
instanceKlass java/io/IOException
instanceKlass java/lang/ReflectiveOperationException
instanceKlass java/lang/RuntimeException
ciInstanceKlass java/lang/Exception 1 1 40 10 10 10 10 10 100 7 1 1 1 5 0 1 1 1 1 1 1 1 1 1 1 1 1 1 1 1 1 1 1 1 1 12 12 12 12 12 1 1
instanceKlass java/lang/annotation/IncompleteAnnotationException
instanceKlass java/lang/reflect/UndeclaredThrowableException
instanceKlass com/google/common/util/concurrent/UncheckedExecutionException
instanceKlass com/google/common/cache/CacheLoader$InvalidCacheLoadException
instanceKlass java/util/NoSuchElementException
instanceKlass com/google/inject/CreationException
instanceKlass com/google/inject/ConfigurationException
instanceKlass com/google/inject/ProvisionException
instanceKlass java/lang/TypeNotPresentException
instanceKlass java/lang/IndexOutOfBoundsException
instanceKlass java/lang/UnsupportedOperationException
instanceKlass java/lang/SecurityException
instanceKlass java/lang/IllegalStateException
instanceKlass java/lang/IllegalArgumentException
instanceKlass java/lang/ArithmeticException
instanceKlass java/lang/NullPointerException
instanceKlass java/lang/IllegalMonitorStateException
instanceKlass java/lang/ArrayStoreException
instanceKlass java/lang/ClassCastException
ciInstanceKlass java/lang/RuntimeException 1 1 40 10 10 10 10 10 100 7 1 1 1 5 0 1 1 1 1 1 1 1 1 1 1 1 1 1 1 1 1 1 1 1 1 12 12 12 12 12 1 1
ciInstanceKlass java/lang/SecurityManager 0 0 572 10 9 100 10 100 8 10 10 10 10 100 10 100 10 9 10 10 10 100 8 10 9 9 8 9 100 10 8 10 10 10 100 10 10 100 100 8 10 8 8 8 8 8 8 10 8 8 8 8 8 10 10 8 100 8 10 8 8 8 8 8 10 8 100 8 8 10 8 8 10 100 8 10 10 100 10 10 10 10 10 10 11 18 11 18 11 18 18 11 18 11 9 9 9 9 100 10 10 10 18 18 10 18 10 18 18 8 10 9 11 8 100 10 10 10 9 10 10 8 100 10 9 8 8 100 10 10 10 9 11 10 11 10 100 100 10 10 10 1 1 1 1 1 1 1 1 1 1 1 1 1 1 1 1 1 1 1 1 1 1 1 1 1 1 100 1 1 1 1 1 1 1 1 1 1 1 1 1 1 1 100 1 1 1 1 1 1 1 1 1 1 1 1 1 1 1 1 1 1 1 1 1 1 1 1 1 1 1 1 1 1 1 1 1 1 1 1 1 1 1 1 1 1 1 1 1 1 1 1 1 1 1 1 1 1 1 1 1 1 100 1 1 1 1 1 1 1 1 1 1 1 1 1 1 1 1 1 1 1 1 1 1 1 1 1 1 1 1 100 1 1 1 1 100 1 1 1 1 1 1 1 1 1 1 1 12 12 1 100 12 1 1 12 12 100 12 1 1 12 100 12 12 12 1 1 12 12 1 12 1 1 12 12 12 1 12 1 1 1 12 1 1 1 1 1 1 12 1 1 1 1 1 12 12 1 1 1 1 1 1 1 1 100 12 1 1 1 1 1 1 12 1 1 12 1 12 12 12 100 12 12 100 12 100 12 1 15 16 15 16 12 100 12 16 15 16 12 12 15 16 15 16 12 16 15 16 12 12 12 12 12 12 1 100 12 12 12 15 16 12 15 16 100 12 15 12 12 15 16 15 16 1 12 12 100 12 1 1 12 12 12 12 12 12 1 1 12 1 1 1 12 100 12 12 12 12 12 1 1 12 12 1 1 1 1 1 1 1 1 1 1 1 1 1 1 1 1 1 1 1 1 1 1 1 1 1 1 1 1 1 1 1 1 1 1 1 1 1 1 1 1 1 1 1 1 1 1 10 1 10 1 1 1 1 1 1 10 1 1 1 1 1 10 11 1 1 1 10 1 1 1 1 1 1 10 1 10 1 1 1 11 1 1 10 10 1 1 1 1 1 1 1 1 1 1 1 1 1 1 1 1 1 1 1 1 100 12 100 12 12 12 100 12 12 12 12 12 1 1 100 1 1 1 1 1 1 1 1 100 1 1
ciInstanceKlass java/security/ProtectionDomain 1 1 331 10 9 7 10 9 9 9 10 7 9 9 7 9 9 10 100 10 10 10 10 9 9 10 7 10 100 10 9 8 100 8 10 10 10 10 8 11 8 10 8 8 10 10 10 10 8 10 8 8 10 9 10 9 10 100 100 10 10 7 10 100 10 10 11 11 100 11 10 10 11 11 10 10 10 11 10 8 8 10 7 10 10 7 1 1 100 1 1 1 1 1 1 1 1 1 1 1 1 1 1 1 1 1 1 1 1 1 1 1 1 100 1 100 1 1 1 1 1 1 1 1 1 1 1 1 1 1 1 1 1 1 1 100 1 1 1 1 1 1 1 1 1 1 7 1 1 1 100 1 1 1 1 1 1 1 1 1 1 1 1 1 1 1 1 1 1 1 1 1 100 100 100 100 1 1 1 1 1 100 12 12 1 12 12 12 12 12 1 12 12 1 12 12 100 12 100 12 12 12 12 100 12 12 1 1 12 100 12 1 1 1 12 12 12 1 1 12 1 1 12 12 12 12 1 12 1 1 100 12 12 12 12 12 1 1 100 12 1 1 12 12 12 12 1 12 12 12 12 12 12 100 12 12 12 1 1 7 12 1 7 12 1 1 1 1 1 1 1 1 1 1 1 1 1 1 1 1 1 1 1 1 1 1 1 1 1 1 1 1 1 1 1 1 1 1 1 1 1 1 1 1 1 1 1 1 1 1 1 1 1 1 1 1 1 1 1 1 1 1 1 1 1 1 1 1 1 1 1 1 1
staticfield java/security/ProtectionDomain filePermCompatInPD Z 0
ciInstanceKlass java/security/AccessControlContext 1 1 367 9 9 10 8 10 10 9 9 9 10 7 100 10 11 11 11 11 7 11 10 10 9 10 11 10 7 100 8 10 10 7 10 9 9 9 9 9 9 9 10 9 10 10 8 10 10 10 100 10 10 10 10 8 10 8 10 8 8 10 8 10 8 10 10 10 8 8 100 10 10 100 10 8 10 10 10 8 10 10 10 7 10 10 10 10 10 10 10 10 7 1 1 1 1 1 1 1 1 1 1 1 1 1 1 1 1 1 1 1 1 1 1 1 1 1 1 1 1 1 1 1 1 1 1 100 1 1 1 1 1 1 100 1 1 1 1 1 1 100 1 1 1 1 1 1 1 1 100 1 1 1 1 1 1 1 1 1 1 1 1 1 1 100 1 1 1 1 1 1 1 1 1 1 1 1 1 1 1 1 1 1 1 1 1 1 1 1 1 1 1 1 1 1 1 1 1 1 1 1 1 1 1 1 1 1 1 1 1 1 1 1 1 1 12 12 100 12 1 100 12 12 12 12 12 7 12 1 12 12 12 12 12 1 12 12 100 12 100 12 12 12 1 1 1 12 12 1 7 12 12 12 12 12 12 12 12 7 12 12 12 12 1 12 12 100 12 1 12 100 12 1 12 1 100 12 1 1 12 1 12 1 12 12 12 1 1 1 12 12 1 12 1 12 12 1 12 12 12 1 12 12 12 12 12 12 1 1 1 1 1 1 1 1 1 1 1 1 1 1 1 1 1 1 1 1 1 1 1 1 1 1 1 1 1 1 1 1 1 1 1 1 1 1 1 1 1 1 1 1 1 1 1 1 1 1 1 1 1 1 1 1 1 1 1 1 1
instanceKlass java/net/URLClassLoader
instanceKlass jdk/internal/loader/BuiltinClassLoader
ciInstanceKlass java/security/SecureClassLoader 1 1 127 10 7 10 9 10 10 9 10 10 10 10 10 10 7 10 7 10 7 10 11 7 100 8 10 10 7 7 1 1 7 1 1 1 1 1 1 1 1 1 1 1 1 1 1 1 1 1 1 1 100 1 1 1 1 100 1 1 1 1 1 1 1 1 1 1 1 1 1 1 1 1 1 1 1 1 1 1 1 1 1 12 1 12 12 7 12 12 12 12 12 12 12 12 12 1 1 12 1 12 7 12 1 1 1 12 12 1 1 1 1 1 1 1 1 1 1 1 1 1 1 1 1 1 1 1 1
instanceKlass java/lang/InstantiationException
instanceKlass java/lang/IllegalAccessException
instanceKlass java/lang/reflect/InvocationTargetException
instanceKlass java/lang/NoSuchMethodException
instanceKlass java/lang/NoSuchFieldException
instanceKlass java/lang/ClassNotFoundException
ciInstanceKlass java/lang/ReflectiveOperationException 1 1 34 10 10 10 10 100 7 1 1 1 5 0 1 1 1 1 1 1 1 1 1 1 1 1 1 1 1 1 12 12 12 12 1 1
ciInstanceKlass java/lang/ClassNotFoundException 1 1 37 100 10 10 9 100 7 1 1 1 5 0 1 1 1 1 1 1 1 1 1 1 1 1 1 1 1 1 1 1 1 12 12 12 1 1 1
instanceKlass java/lang/UnsatisfiedLinkError
instanceKlass java/lang/IncompatibleClassChangeError
instanceKlass java/lang/BootstrapMethodError
instanceKlass java/lang/NoClassDefFoundError
ciInstanceKlass java/lang/LinkageError 1 1 31 10 10 10 100 7 1 1 1 5 0 1 1 1 1 1 1 1 1 1 1 1 1 1 1 1 12 12 12 1 1
ciInstanceKlass java/lang/NoClassDefFoundError 1 1 26 10 10 100 7 1 1 1 5 0 1 1 1 1 1 1 1 1 1 1 1 1 12 12 1 1
ciInstanceKlass java/lang/ClassCastException 1 1 26 10 10 100 100 1 1 1 5 0 1 1 1 1 1 1 1 1 1 1 1 1 12 12 1 1
ciInstanceKlass java/lang/ArrayStoreException 1 1 26 10 10 100 100 1 1 1 5 0 1 1 1 1 1 1 1 1 1 1 1 1 12 12 1 1
instanceKlass java/lang/InternalError
instanceKlass java/lang/StackOverflowError
instanceKlass java/lang/OutOfMemoryError
ciInstanceKlass java/lang/VirtualMachineError 1 1 34 10 10 10 10 100 100 1 1 1 5 0 1 1 1 1 1 1 1 1 1 1 1 1 1 1 1 1 12 12 12 12 1 1
ciInstanceKlass java/lang/OutOfMemoryError 1 1 26 10 10 100 100 1 1 1 5 0 1 1 1 1 1 1 1 1 1 1 1 1 12 12 1 1
ciInstanceKlass java/lang/StackOverflowError 1 1 26 10 10 100 100 1 1 1 5 0 1 1 1 1 1 1 1 1 1 1 1 1 12 12 1 1
ciInstanceKlass java/lang/IllegalMonitorStateException 1 1 26 10 10 100 100 1 1 1 5 0 1 1 1 1 1 1 1 1 1 1 1 1 12 12 1 1
instanceKlass java/lang/ref/PhantomReference
instanceKlass java/lang/ref/FinalReference
instanceKlass java/lang/ref/WeakReference
instanceKlass java/lang/ref/SoftReference
ciInstanceKlass java/lang/ref/Reference 1 1 159 10 9 10 9 9 7 10 10 9 9 10 10 10 9 9 100 10 10 10 7 10 10 10 7 8 10 7 10 10 10 7 10 10 7 1 1 1 1 1 1 1 1 1 1 1 1 1 1 1 1 1 1 1 1 1 1 1 1 1 1 1 1 1 1 1 1 1 1 100 1 1 100 1 1 1 1 1 1 1 1 1 1 1 1 1 1 7 1 1 1 1 1 1 1 1 1 7 1 1 1 1 12 12 12 12 12 1 12 12 12 12 12 12 12 12 12 1 12 12 1 12 12 12 1 1 12 1 12 12 12 1 7 12 1 1 1 1 1 1 1 1 1 1 1 1 1 1 1 1 1 1 1 1 1 1 1 1 1
staticfield java/lang/ref/Reference processPendingLock Ljava/lang/Object; java/lang/Object
instanceKlass com/google/common/cache/LocalCache$SoftValueReference
instanceKlass org/eclipse/sisu/inject/MildKeys$Soft
instanceKlass sun/util/locale/provider/LocaleResources$ResourceReference
instanceKlass sun/util/resources/Bundles$BundleReference
instanceKlass java/lang/invoke/LambdaFormEditor$Transform
instanceKlass jdk/internal/ref/SoftCleanable
instanceKlass sun/util/locale/LocaleObjectCache$CacheEntry
ciInstanceKlass java/lang/ref/SoftReference 1 1 47 10 9 9 10 10 7 7 1 1 1 1 1 1 1 1 1 1 1 1 1 1 1 1 1 1 1 1 1 1 1 1 1 1 100 1 1 1 1 12 12 12 12 12 1 1 1
instanceKlass com/google/common/cache/LocalCache$WeakEntry
instanceKlass com/google/common/cache/LocalCache$WeakValueReference
instanceKlass java/lang/ClassValue$Entry
instanceKlass java/util/logging/LogManager$LoggerWeakRef
instanceKlass java/util/logging/Level$KnownLevel
instanceKlass org/eclipse/sisu/inject/MildKeys$Weak
instanceKlass java/lang/invoke/MethodType$ConcurrentWeakInternSet$WeakEntry
instanceKlass jdk/internal/ref/WeakCleanable
instanceKlass java/lang/ThreadLocal$ThreadLocalMap$Entry
instanceKlass java/util/WeakHashMap$Entry
ciInstanceKlass java/lang/ref/WeakReference 1 1 31 10 10 100 7 1 1 1 1 1 1 1 1 1 1 1 1 1 1 1 1 1 1 1 1 1 1 12 12 1 1
instanceKlass java/lang/ref/Finalizer
ciInstanceKlass java/lang/ref/FinalReference 1 1 36 10 100 8 10 100 7 1 1 1 1 1 1 1 1 1 1 1 1 1 1 1 1 1 1 1 1 1 1 12 1 1 12 1 1 1
instanceKlass jdk/internal/ref/PhantomCleanable
instanceKlass jdk/internal/ref/Cleaner
ciInstanceKlass java/lang/ref/PhantomReference 1 1 30 10 100 7 1 1 1 1 1 1 1 1 1 1 1 1 1 1 1 1 1 1 1 1 1 1 1 12 1 1
ciInstanceKlass java/lang/ref/Finalizer 1 1 139 9 10 9 9 9 9 7 10 10 100 11 100 10 100 10 10 10 100 10 10 7 10 7 10 10 10 10 7 10 7 10 10 10 7 1 1 1 1 1 1 1 1 1 1 1 1 1 1 1 1 1 1 1 1 1 1 1 1 1 1 1 1 1 1 1 1 1 1 1 1 1 1 1 1 7 1 1 1 1 12 12 12 12 12 12 1 12 12 1 100 12 1 12 1 12 100 12 100 12 1 12 12 1 1 12 12 12 1 12 1 12 12 12 1 1 1 1 1 1 1 1 1 1 1 1 1 1 1 1 1 1 1 1 1 1 1 1 1
staticfield java/lang/ref/Finalizer lock Ljava/lang/Object; java/lang/Object
instanceKlass java/util/logging/LogManager$Cleaner
instanceKlass org/apache/maven/shared/utils/logging/MessageUtils$1
instanceKlass jdk/internal/misc/InnocuousThread
instanceKlass java/lang/ref/Finalizer$FinalizerThread
instanceKlass java/lang/ref/Reference$ReferenceHandler
ciInstanceKlass java/lang/Thread 1 1 592 9 9 10 9 9 100 8 10 3 8 3 10 10 9 9 9 9 7 100 8 10 9 10 10 10 10 10 10 9 10 10 9 10 10 9 10 9 10 9 9 10 10 9 10 9 100 10 7 10 8 10 10 10 10 10 10 9 100 10 10 10 10 100 11 9 10 10 10 9 10 9 10 100 10 10 10 11 10 10 10 7 10 10 10 10 10 10 10 10 10 10 100 8 10 10 10 8 10 8 10 8 8 10 10 100 8 10 9 9 10 10 10 9 10 100 10 11 9 9 10 100 10 11 100 10 10 11 10 100 10 10 10 8 9 10 11 10 11 10 7 7 1 1 100 1 100 1 100 1 1 1 1 1 1 1 1 1 1 1 1 1 1 1 1 1 1 1 1 100 1 1 1 1 1 1 1 1 1 1 1 1 1 1 1 3 1 3 1 3 1 1 1 1 1 1 1 1 1 1 1 1 1 1 1 1 1 1 1 1 1 1 1 1 1 1 1 100 1 1 1 1 1 1 1 100 1 1 1 1 1 1 1 1 1 1 1 1 1 7 100 100 100 1 1 1 1 1 1 1 1 1 1 1 1 1 1 1 1 1 1 1 1 1 1 1 1 1 1 1 1 1 1 1 1 1 1 1 1 1 1 1 1 1 1 1 1 1 1 1 1 1 1 1 1 1 1 1 1 1 1 1 1 1 1 1 1 1 1 1 1 1 1 100 100 1 1 1 1 1 1 1 1 1 100 100 1 1 1 1 1 1 1 1 1 1 1 1 1 1 1 1 1 1 1 1 1 1 1 1 1 1 1 1 1 1 1 1 1 1 1 1 1 1 1 1 1 1 100 1 1 1 1 1 1 1 1 1 1 1 1 12 12 12 12 12 1 1 12 1 12 12 12 12 12 12 1 1 1 12 7 12 12 12 12 12 100 12 12 12 12 12 12 12 12 12 7 12 12 12 12 7 12 12 12 12 1 1 1 12 12 12 12 12 12 12 1 12 12 12 1 12 7 12 12 12 12 12 12 12 1 12 12 12 12 12 12 1 12 12 12 12 12 12 12 12 12 1 1 12 12 1 12 1 1 1 100 12 100 12 1 12 12 12 12 12 12 1 12 12 12 12 12 1 12 100 12 1 12 12 12 12 1 12 12 100 12 12 12 12 100 12 12 12 1 1 1 1 1 1 1 1 1 1 1 1 1 1 1 1 1 1 1 1 1 1 1 1 1 1 1 1 1 1 1 1 1 1 1 1 1 1 1 1 1 1 1 1 1 1 1 1 1 1 1 1 1 1 1 1 1 1 1 1 1 1 1 1 1 1 1 1 1 1 1 1 1 1 1 1 1 1
staticfield java/lang/Thread EMPTY_STACK_TRACE [Ljava/lang/StackTraceElement; 0 [Ljava/lang/StackTraceElement;
ciInstanceKlass java/lang/ThreadGroup 1 1 289 10 9 8 9 7 9 9 10 10 10 10 10 9 10 10 9 10 9 9 10 100 10 10 10 9 10 10 9 10 10 10 10 10 10 10 10 10 10 10 100 10 10 10 7 10 100 10 9 10 8 10 10 10 10 11 100 9 100 10 8 10 10 8 10 10 10 10 8 10 8 10 8 7 100 1 1 1 1 1 1 1 1 1 1 1 1 1 1 1 1 1 1 1 1 1 1 1 1 1 1 1 1 1 1 1 1 1 1 1 1 1 1 1 1 1 1 1 1 1 1 1 100 1 1 1 1 1 1 100 1 1 1 1 1 1 1 1 1 1 1 1 1 1 1 1 1 1 1 1 1 1 1 1 1 1 1 1 1 1 1 1 1 1 1 1 1 1 1 1 1 1 1 100 1 1 1 1 1 1 1 1 1 1 1 1 1 12 12 1 12 1 12 12 12 12 12 12 12 12 12 12 12 100 12 12 12 100 12 12 7 12 12 12 12 12 12 12 12 12 12 12 12 12 12 12 1 12 12 1 12 12 12 12 1 12 12 12 12 1 12 1 1 12 12 1 12 12 12 100 1 1 12 1 1 1 1 1 1 1 1 1 1 1 1 1 1 1 1 1 1 1 1 1 1 1 1 1 1 1 1 1 1 1 1 1 1 1 1
instanceKlass java/util/Hashtable
ciInstanceKlass java/util/Dictionary 1 1 36 10 100 7 1 1 1 1 1 1 1 1 1 1 1 1 1 1 1 1 1 1 1 1 1 1 1 1 1 1 1 1 1 12 1 1
instanceKlass java/util/Properties
ciInstanceKlass java/util/Hashtable 1 1 488 100 10 9 100 100 10 8 10 10 10 10 10 8 10 9 7 9 7 4 10 9 4 10 11 10 10 9 10 100 10 9 10 9 10 10 3 9 9 3 10 10 10 11 11 11 11 100 11 11 10 10 10 9 9 9 10 100 100 10 10 8 10 10 8 10 8 10 7 10 10 100 10 10 100 10 100 10 10 100 11 11 100 10 10 10 11 100 10 11 11 10 10 10 10 10 10 10 100 10 10 8 10 10 100 11 10 10 10 7 100 100 1 1 1 1 1 1 1 1 1 1 1 1 1 1 1 1 1 1 1 5 0 1 1 1 1 1 1 1 1 1 1 3 1 3 1 3 1 1 1 1 1 1 1 1 1 1 1 1 1 1 1 1 1 1 1 1 1 1 1 1 1 1 1 1 1 1 1 1 1 1 1 1 1 1 1 100 1 1 1 1 1 7 1 1 1 1 1 1 1 1 1 1 1 1 1 1 1 1 1 1 1 1 1 1 1 1 1 100 1 1 1 1 1 1 1 1 1 1 1 1 1 1 1 1 1 100 1 1 1 1 1 1 1 1 1 1 1 1 1 1 1 1 1 1 1 1 1 1 1 1 1 1 1 1 1 1 100 1 1 1 1 1 1 1 100 1 1 1 1 1 1 1 1 1 1 1 1 1 100 1 1 1 1 1 1 1 1 1 1 1 1 1 1 1 100 1 1 1 100 100 1 1 1 1 1 1 100 1 1 1 1 1 1 1 1 1 1 12 12 1 1 1 12 12 12 12 7 12 1 12 12 1 12 1 7 12 12 12 12 12 12 12 12 1 12 12 12 12 12 12 12 12 12 12 12 100 12 12 12 1 12 12 12 12 12 12 12 12 1 1 12 1 12 1 1 100 12 1 12 12 1 12 12 1 1 12 1 12 12 1 100 12 12 1 12 12 12 12 12 12 12 12 100 12 1 12 1 12 100 12 1 100 12 12 12 1 1 1 1 1 1 1 1 1 1 1 1 1 1 1 1 1 1 1 1 1 1 1 1 1 1 1 1 1 1 1 1 1 1 1 1 1 1 1 1 1 1 1 1 1 1 1 1 1 1 1 1 1 1 1 1 1 1 1 1 1
ciInstanceKlass java/util/Properties 1 1 636 10 100 10 7 10 9 9 9 10 10 8 10 7 10 10 8 10 10 9 10 100 3 100 8 10 7 10 10 100 10 10 10 10 10 8 10 10 10 10 10 100 100 10 10 100 8 10 10 10 10 100 10 10 10 11 11 11 7 11 11 10 8 10 10 100 10 10 10 8 10 10 10 100 100 100 10 8 8 10 10 10 7 10 10 10 100 10 10 11 10 8 10 11 8 10 11 9 10 10 10 10 10 10 10 10 10 10 10 10 10 10 10 7 10 10 10 10 10 10 10 10 10 10 10 10 10 10 10 10 7 10 100 10 11 4 11 10 10 11 10 10 10 100 8 10 10 10 100 6 0 10 11 10 10 1 1 1 1 1 1 5 0 1 1 1 1 1 1 1 1 1 1 1 1 1 1 1 1 1 1 1 1 1 1 1 1 1 1 1 1 1 1 1 1 1 1 1 1 1 1 1 1 1 1 1 1 1 1 1 1 100 1 1 1 1 1 1 1 1 1 1 1 1 1 1 1 1 1 1 1 1 1 1 1 1 1 1 1 1 1 1 1 1 1 1 1 1 1 1 100 1 1 1 1 1 1 1 1 1 100 7 100 1 1 1 100 1 1 1 1 1 1 1 1 1 1 1 1 1 1 1 1 1 1 1 1 1 1 1 1 1 1 1 1 1 1 1 1 7 100 1 1 100 1 1 1 1 1 1 1 1 1 1 1 1 1 1 1 1 1 1 1 1 1 1 1 1 1 1 1 1 1 1 1 1 1 1 1 1 1 1 1 1 1 1 1 1 1 1 1 1 1 1 1 1 1 1 1 1 1 1 1 1 1 1 1 1 1 1 1 1 1 1 1 1 1 1 1 1 1 1 1 1 1 1 1 1 1 1 1 1 1 1 1 100 100 1 1 1 1 100 1 1 1 1 1 12 1 12 1 12 12 12 12 7 12 12 1 7 12 1 12 12 1 12 12 12 12 1 1 1 12 1 12 12 1 12 12 12 12 1 12 12 12 12 12 1 1 12 12 1 1 12 12 12 12 1 12 7 12 12 12 1 12 12 12 1 12 12 1 12 100 12 1 12 100 12 12 1 1 1 1 1 12 12 12 1 12 12 1 12 12 7 12 1 12 1 12 12 12 12 12 12 12 12 12 12 12 12 12 12 1 12 12 12 12 12 12 12 12 12 12 12 12 12 12 12 1 12 1 12 12 12 12 12 100 12 12 1 1 12 100 12 1 12 100 12 12 12 1 1 1 1 1 1 1 1 1 1 1 1 1 1 1 1 1 1 1 1 1 1 1 1 1 1 1 1 1 1 1 1 1 1 1 1 1 1 1 1 1 1 1 1 1 1 1 1 1 1 1 100 1 1 1 1 1 1 1 1 1 1 1 1 1 1 1 1 1 1 1 1 1 1 1 1 1 1 1 1 1 1 1 1 1 1
staticfield java/util/Properties UNSAFE Ljdk/internal/misc/Unsafe; jdk/internal/misc/Unsafe
staticfield java/util/Properties hexDigit [C 16
ciInstanceKlass java/lang/Module 1 1 910 10 9 10 9 9 9 10 10 10 10 7 10 10 7 11 7 10 10 9 10 10 8 10 10 10 9 11 9 10 9 10 10 100 100 10 10 8 10 10 10 10 10 10 9 10 10 9 10 10 9 11 7 10 9 9 10 7 100 10 100 8 10 10 10 8 10 10 10 10 8 8 10 10 10 18 10 11 9 11 10 100 8 10 7 10 10 11 11 9 11 10 10 9 10 10 10 10 18 11 10 11 10 11 4 10 7 10 11 7 10 11 7 10 7 8 10 10 7 10 10 7 7 10 9 100 10 10 10 10 10 11 7 10 11 10 11 10 10 10 10 10 10 10 10 18 11 11 18 10 10 10 7 10 10 10 9 7 10 10 10 10 10 10 10 10 10 9 18 10 7 100 8 10 10 10 100 10 100 8 100 10 100 100 3 10 100 10 10 10 100 10 10 100 100 10 8 10 10 10 10 10 10 10 100 10 10 10 100 8 10 10 8 10 8 10 10 10 8 10 100 10 10 10 11 100 7 1 1 1 1 1 1 1 1 1 1 1 1 1 1 1 1 1 1 1 1 1 1 1 1 1 1 1 1 1 1 1 1 1 1 1 1 1 1 1 1 1 1 1 1 1 1 7 1 1 1 1 1 1 1 1 1 1 100 1 1 1 1 1 1 1 1 1 1 1 1 1 1 1 1 1 1 1 1 1 1 1 1 1 1 1 1 1 1 1 1 1 1 1 1 1 1 1 1 1 1 1 1 1 1 1 1 1 1 1 1 1 1 1 1 100 1 1 1 1 1 1 1 1 1 1 1 1 1 1 1 1 1 1 1 1 100 1 1 1 1 1 1 1 1 1 1 1 1 1 1 1 1 1 1 1 1 1 1 1 1 1 1 1 1 1 1 1 7 7 7 7 7 1 1 1 1 1 1 1 1 1 1 1 1 1 1 1 1 1 1 1 1 100 1 1 1 1 1 1 1 1 1 1 1 1 1 1 1 1 1 1 1 1 100 1 1 1 1 1 1 1 1 1 1 1 1 1 100 100 1 100 1 1 1 1 1 100 1 1 1 1 1 1 1 1 1 1 1 1 1 1 1 1 1 7 1 1 1 1 1 1 1 1 1 12 12 12 12 12 12 12 12 12 12 1 7 12 12 1 12 12 7 12 100 12 12 12 1 12 12 12 12 12 12 7 12 12 100 12 12 1 1 12 1 12 12 12 12 12 12 12 12 12 12 12 12 12 12 1 12 12 12 12 1 1 12 1 1 12 12 1 12 12 12 12 1 1 12 12 12 1 15 16 15 16 12 12 12 12 12 7 12 1 1 1 12 12 12 12 12 12 12 12 12 12 7 12 16 15 16 12 12 100 12 12 12 12 12 1 12 1 12 1 7 12 100 1 1 1 12 12 1 12 12 1 1 12 12 1 7 12 12 12 12 1 12 12 12 12 12 12 12 12 12 12 12 16 15 16 12 12 12 15 16 12 12 12 12 1 12 12 12 12 1 12 12 12 12 12 12 12 16 15 16 12 100 12 1 1 1 12 12 12 1 12 1 1 1 1 1 12 1 12 12 12 1 12 12 1 1 12 1 12 12 100 12 12 12 12 12 1 12 12 1 1 12 100 12 1 12 1 12 12 12 1 1 12 12 12 1 1 1 1 1 1 1 1 1 1 1 1 1 1 1 1 1 1 1 1 1 1 1 1 1 1 1 1 1 1 1 1 1 1 1 1 1 1 1 1 1 1 1 1 1 1 1 1 1 1 1 1 1 1 1 1 1 1 1 1 10 10 1 1 1 1 1 1 1 1 1 1 1 1 1 1 1 1 10 1 1 1 1 1 1 1 1 1 1 1 1 1 1 1 1 1 1 1 1 1 1 1 1 1 1 1 1 1 1 1 1 1 1 1 10 1 1 1 1 1 1 10 1 1 1 1 1 1 10 1 1 1 1 1 1 1 1 1 1 1 1 1 1 1 1 1 1 1 1 1 1 1 1 1 1 1 1 1 1 1 1 1 1 1 1 1 1 1 100 12 12 100 12 12 12 1 1 100 1 1 1 100 1 1
staticfield java/lang/Module ALL_UNNAMED_MODULE Ljava/lang/Module; java/lang/Module
staticfield java/lang/Module ALL_UNNAMED_MODULE_SET Ljava/util/Set; java/util/ImmutableCollections$Set12
staticfield java/lang/Module EVERYONE_MODULE Ljava/lang/Module; java/lang/Module
staticfield java/lang/Module EVERYONE_SET Ljava/util/Set; java/util/ImmutableCollections$Set12
staticfield java/lang/Module $assertionsDisabled Z 1
instanceKlass java/lang/reflect/Executable
instanceKlass java/lang/reflect/Field
ciInstanceKlass java/lang/reflect/AccessibleObject 1 1 405 10 9 10 10 10 10 100 10 10 9 100 10 11 7 100 10 7 100 10 10 7 10 10 100 10 100 10 10 10 10 10 10 10 10 10 10 8 100 10 10 8 10 10 8 8 8 8 8 8 100 10 10 9 10 10 10 18 10 10 10 11 100 100 8 10 10 10 8 10 8 10 10 100 8 10 11 10 10 10 10 10 9 100 10 10 9 10 8 10 8 10 9 100 10 7 10 10 7 9 7 7 1 1 1 1 1 1 1 1 1 1 1 1 1 1 1 1 100 1 1 1 1 1 1 1 1 1 1 1 1 1 1 1 1 1 1 1 1 1 1 1 1 1 1 1 1 1 1 1 1 1 1 1 1 1 1 1 7 100 1 1 1 1 1 1 1 1 1 1 1 1 1 1 1 1 1 1 1 1 1 1 1 1 1 1 1 1 1 1 1 1 1 1 1 1 1 1 1 1 1 1 1 1 100 1 1 1 1 1 1 1 1 1 1 1 1 1 1 1 1 1 7 12 100 12 12 12 7 12 100 12 12 12 12 1 12 12 1 1 12 1 1 12 12 1 12 12 1 12 1 7 12 12 12 12 12 12 12 12 1 1 12 1 12 12 1 1 1 1 1 1 1 12 12 12 12 12 100 12 1 15 16 15 16 12 12 12 1 1 1 12 12 1 12 1 12 1 1 12 12 12 12 12 12 12 12 12 12 100 12 1 100 12 1 12 12 1 1 1 1 7 12 1 12 1 1 1 1 1 1 1 1 1 1 1 1 1 1 1 1 1 1 1 1 1 1 1 1 1 1 1 1 1 1 1 1 1 1 1 1 1 1 1 1 1 1 1 1 1 1 1 10 10 1 1 1 1 1 1 1 1 1 1 1 1 1 1 1 1 1 1 1 1 100 12 12 1 1 100 1 1 100 1 1
staticfield java/lang/reflect/AccessibleObject reflectionFactory Ljdk/internal/reflect/ReflectionFactory; jdk/internal/reflect/ReflectionFactory
ciInstanceKlass java/lang/reflect/Field 1 1 433 9 10 10 10 9 10 10 10 10 9 9 9 9 9 9 9 100 8 10 7 10 9 9 10 10 10 10 10 10 100 10 10 10 10 10 10 10 100 10 8 10 10 8 10 10 8 8 10 11 9 10 10 11 11 11 11 11 11 11 11 11 11 11 11 11 11 11 11 11 11 10 10 10 10 10 9 10 10 10 10 11 10 7 10 10 9 10 11 10 10 9 10 10 7 100 1 1 1 1 1 1 1 1 1 1 1 1 1 1 1 1 1 1 1 1 1 1 1 1 1 1 1 1 1 1 1 1 1 1 1 1 1 1 1 1 1 1 1 1 1 1 1 1 1 1 1 1 1 1 1 1 1 1 1 1 1 1 1 1 1 1 1 1 1 1 1 1 1 100 1 1 1 1 100 1 1 1 100 1 1 1 1 1 1 1 1 1 1 1 1 1 1 1 1 1 1 1 1 1 1 1 1 1 1 1 1 1 1 1 1 1 1 1 1 1 1 1 1 1 1 1 1 1 1 1 1 1 1 7 100 1 1 1 1 1 100 1 1 1 1 1 1 1 1 1 1 1 1 1 1 1 1 1 1 1 1 7 100 1 1 1 1 1 1 1 1 12 12 100 12 100 12 12 12 12 100 12 12 12 12 12 12 12 12 12 1 1 12 1 12 12 12 12 100 12 12 12 12 12 1 12 12 12 12 12 12 1 1 12 12 1 12 12 1 1 12 12 12 12 12 12 12 12 12 12 12 12 12 12 12 12 12 12 12 12 12 12 12 12 12 12 12 100 12 12 7 12 12 12 1 100 12 7 12 12 7 12 7 12 12 12 7 12 7 12 12 1 1 1 1 1 1 1 1 1 1 1 1 1 1 1 1 1 1 1 1 1 1 1 1 1 1 1 1 1 1 1 1 1 1 1 1 1 1 1 1 1 1 1 1 1 1 1 1 1 1 1 1 1 1 1 1 100 1 1 1 1 1 1 1 1 1
ciInstanceKlass java/lang/reflect/Parameter 0 0 226 10 9 9 9 9 100 10 10 10 100 10 10 11 10 10 10 10 10 8 8 10 10 10 8 10 8 10 9 10 9 10 10 10 10 10 10 10 10 11 10 100 10 10 10 10 10 9 100 10 11 11 100 100 1 1 1 1 1 1 1 1 1 1 1 1 1 1 1 1 1 1 1 1 1 1 1 1 1 1 1 1 1 1 1 1 1 1 1 1 1 1 1 100 100 1 1 1 1 1 1 1 1 1 1 1 100 1 1 1 1 1 1 1 1 1 1 1 1 1 1 1 1 1 1 1 1 1 1 100 1 1 1 12 12 12 12 12 1 12 12 100 12 1 12 12 12 100 12 12 12 12 1 1 12 12 12 1 1 12 12 12 12 12 12 12 12 12 100 12 12 100 12 12 1 100 12 12 12 12 12 12 1 12 12 1 1 1 1 1 1 1 1 1 1 1 1 1 1 1 1 1 1 1 1 1 1 1 1 1 1 1 1 1 1 1 1 1 1 1 1 1 1 1 1 1
instanceKlass java/lang/reflect/Constructor
instanceKlass java/lang/reflect/Method
ciInstanceKlass java/lang/reflect/Executable 1 1 458 10 10 10 11 10 10 10 10 10 7 8 100 10 10 10 100 8 10 10 10 10 8 8 10 10 100 8 10 8 10 8 11 10 10 11 10 8 8 10 10 100 10 10 10 10 10 10 100 10 10 10 10 10 100 10 100 8 10 10 3 100 8 10 10 10 10 10 8 8 8 9 10 100 8 9 10 10 10 10 10 10 7 10 10 100 10 7 10 10 11 10 10 10 9 10 7 10 10 9 10 10 9 10 9 10 9 7 100 100 1 1 1 1 1 1 1 1 1 1 1 1 1 1 1 1 1 1 1 1 1 1 1 1 1 1 1 1 1 1 1 1 1 1 1 1 1 1 1 1 1 1 1 1 1 1 1 1 1 1 1 1 1 1 1 1 1 1 100 1 1 1 1 1 1 1 1 1 1 1 1 1 1 1 1 1 100 100 100 1 1 1 1 1 1 1 1 1 1 1 1 1 1 1 1 1 1 1 1 1 1 1 1 1 1 1 1 1 1 1 1 1 1 1 1 1 1 1 1 1 1 1 1 1 1 1 1 1 1 1 1 1 1 1 1 1 1 1 1 1 1 1 1 1 1 1 1 1 1 7 100 100 1 1 1 1 1 1 1 1 1 1 1 1 12 7 12 12 7 12 7 12 12 12 12 12 1 1 1 12 12 1 1 12 7 12 12 12 1 1 12 1 1 12 1 12 1 100 12 12 12 1 1 12 12 1 12 12 100 12 12 12 1 12 12 12 12 100 12 12 1 1 12 12 1 1 12 12 12 12 1 1 1 12 12 1 1 12 12 12 12 12 12 12 12 12 1 100 12 1 7 12 12 12 12 100 12 12 12 12 1 12 12 7 12 7 12 12 12 12 12 12 12 1 1 1 1 1 1 1 1 1 1 1 1 1 1 1 1 1 1 1 1 1 1 1 1 1 1 1 1 1 1 1 1 1 1 1 1 1 1 1 1 1 1 1 1 1 1 1 1 1 1 1 1 1 1 1 1 1 1 1 100 1 1 1 1 1 1 1 1 1 1 1 1 1 1 1
ciInstanceKlass java/lang/reflect/Method 1 1 441 9 10 10 9 10 10 10 10 9 9 9 9 9 9 9 9 9 9 9 100 8 10 7 10 9 8 10 10 10 10 10 10 10 7 10 10 10 7 10 10 10 10 10 10 10 10 10 10 10 10 10 10 10 100 8 10 100 8 10 10 10 10 10 10 10 11 9 10 10 10 10 11 10 7 10 10 10 10 9 10 10 10 10 10 11 10 7 100 100 10 10 10 100 10 8 10 10 10 10 10 8 10 7 1 1 1 1 1 1 1 1 1 1 1 1 1 1 1 1 1 1 1 1 1 1 1 1 1 1 1 1 1 1 1 1 1 1 1 1 1 1 1 1 1 1 1 1 1 1 1 1 1 1 1 1 1 1 1 1 1 1 1 1 1 1 1 1 1 1 1 1 1 1 1 1 1 1 1 1 1 1 1 1 1 1 1 1 1 1 1 1 1 1 1 1 1 1 1 1 1 1 1 1 1 1 1 1 1 1 1 100 100 100 7 1 100 100 1 1 1 1 1 1 1 1 1 1 1 1 1 1 1 1 1 1 1 1 1 1 1 1 1 1 1 1 1 1 1 1 1 1 1 1 1 1 12 100 12 100 12 12 12 12 100 12 12 12 12 12 12 12 12 12 12 12 12 12 1 1 12 1 12 12 1 7 12 7 12 12 12 12 12 12 1 12 12 7 12 12 7 12 12 12 12 12 100 12 12 12 12 12 12 12 1 1 1 1 12 12 12 12 12 12 12 100 12 12 12 12 12 12 12 1 12 12 12 12 12 7 12 12 7 12 7 12 7 12 7 12 7 12 1 1 1 12 12 12 1 1 12 12 12 12 1 12 1 1 1 1 1 1 1 1 1 1 1 1 1 1 1 1 1 1 1 1 1 1 1 1 1 1 1 1 1 1 1 1 1 1 1 1 1 1 1 1 1 1 1 1 1 1 1 1 1 1 1 1 1 1 1 1 1 1 1 1 1 1 1 1 1 1 1 1 1 1 1 1 1 1 1
ciInstanceKlass java/lang/reflect/Constructor 1 1 415 10 10 9 10 10 10 9 10 9 9 9 9 9 9 9 9 100 8 10 7 10 9 10 10 10 10 10 7 100 8 10 10 10 10 10 100 10 100 10 10 10 10 10 10 10 10 10 100 8 10 10 100 8 10 10 10 10 10 10 10 9 10 10 100 8 10 11 10 10 10 9 10 10 10 10 10 10 10 10 10 100 8 10 10 10 10 10 10 10 11 9 10 10 7 1 1 1 1 1 1 1 1 1 1 1 1 1 1 1 1 1 1 1 1 1 1 1 1 1 1 1 1 1 1 1 1 1 1 1 1 1 1 1 1 1 1 1 1 1 1 1 1 1 1 1 1 1 1 1 1 1 1 1 1 1 1 1 1 1 1 1 1 1 1 1 1 1 1 1 1 1 1 1 1 1 1 1 1 1 1 1 1 1 1 1 1 1 1 1 1 1 1 1 1 1 1 1 7 1 100 100 100 1 1 1 1 1 1 1 1 1 1 1 1 1 1 1 1 1 1 1 1 1 1 1 1 1 1 1 1 1 1 1 1 1 1 1 1 1 100 12 100 12 12 12 12 100 12 12 12 12 12 12 12 12 12 12 12 1 1 12 1 12 12 7 12 7 12 12 12 12 1 1 1 12 12 12 12 1 100 12 12 100 12 12 100 12 12 12 12 12 1 1 12 1 1 12 12 12 12 12 12 12 12 12 12 1 1 12 12 12 12 12 12 7 12 12 12 12 12 12 12 12 12 1 1 12 12 12 12 100 12 100 12 100 12 100 12 12 1 1 1 1 1 1 1 1 1 1 1 1 1 1 1 1 1 1 1 1 1 1 1 1 1 1 1 1 1 1 1 1 1 1 1 1 1 1 1 1 1 1 1 1 1 1 1 1 1 1 1 1 1 1 1 1 1 1 1 1 1 1 1 1 1 100 1 1 1 1 1 1 1 1 1
instanceKlass jdk/internal/reflect/FieldAccessorImpl
instanceKlass jdk/internal/reflect/ConstructorAccessorImpl
instanceKlass jdk/internal/reflect/MethodAccessorImpl
ciInstanceKlass jdk/internal/reflect/MagicAccessorImpl 1 1 16 10 100 7 1 1 1 1 1 1 1 1 1 12 1 1
instanceKlass jdk/internal/reflect/DelegatingMethodAccessorImpl
instanceKlass jdk/internal/reflect/NativeMethodAccessorImpl
ciInstanceKlass jdk/internal/reflect/MethodAccessorImpl 1 1 25 10 100 7 100 1 1 1 1 1 1 1 1 1 1 100 100 1 1 12 1 1 1 1 1
instanceKlass jdk/internal/reflect/DelegatingConstructorAccessorImpl
instanceKlass jdk/internal/reflect/NativeConstructorAccessorImpl
ciInstanceKlass jdk/internal/reflect/ConstructorAccessorImpl 1 1 27 10 100 7 100 1 1 1 1 1 1 1 1 1 1 100 100 100 1 1 12 1 1 1 1 1 1
ciInstanceKlass jdk/internal/reflect/DelegatingClassLoader 0 0 18 10 100 100 1 1 1 1 1 1 1 1 1 1 1 12 1 1
ciInstanceKlass jdk/internal/reflect/ConstantPool 1 1 138 10 9 10 10 10 10 10 10 10 10 10 10 10 10 10 10 10 10 10 10 10 7 7 8 10 100 100 1 1 1 1 1 1 1 1 1 1 1 1 1 1 1 1 1 1 1 1 1 1 1 1 1 1 1 1 1 1 1 1 1 1 1 1 1 1 1 1 1 1 1 1 1 1 1 1 1 1 1 1 1 1 1 1 1 1 1 1 1 1 1 1 1 1 1 1 1 1 1 1 1 1 1 1 1 1 12 12 12 12 12 12 12 12 12 12 12 12 12 12 12 12 12 12 12 12 12 1 1 7 12 1 1 1 1 1 1 1
instanceKlass jdk/internal/reflect/UnsafeFieldAccessorImpl
ciInstanceKlass jdk/internal/reflect/FieldAccessorImpl 0 0 59 10 100 100 100 1 1 1 1 1 1 1 1 1 1 100 1 1 1 1 1 1 1 1 1 1 1 1 1 1 1 1 1 1 100 1 1 1 1 1 1 1 1 1 1 1 1 1 1 1 1 1 1 12 1 1 1 1 1
instanceKlass jdk/internal/reflect/UnsafeStaticFieldAccessorImpl
ciInstanceKlass jdk/internal/reflect/UnsafeFieldAccessorImpl 0 0 253 10 9 10 10 9 10 9 10 10 9 10 10 10 10 100 10 10 10 8 10 10 100 8 10 8 10 8 10 100 10 10 8 10 8 10 8 10 8 10 8 10 8 10 8 10 8 10 8 10 10 8 8 8 8 8 8 10 8 8 8 10 10 100 100 1 1 1 1 1 1 1 1 1 1 1 1 1 1 1 1 100 1 1 1 1 1 1 1 1 1 1 1 1 1 1 1 100 100 1 1 1 1 1 1 1 1 1 1 1 1 1 1 1 1 1 1 1 1 1 1 1 1 1 1 1 1 1 1 1 1 1 1 1 1 1 1 1 12 12 12 100 12 12 100 12 12 12 12 12 12 12 100 12 12 1 12 12 1 12 1 1 12 1 12 1 12 1 12 1 12 1 100 12 1 100 12 1 100 12 1 100 12 1 100 12 1 100 12 1 100 12 1 100 12 12 1 1 1 1 1 1 12 1 1 1 12 12 1 1 1 1 1 1 1 1 1 1 1 1 1 1 1 1 1 1 1 1 1 1 1 1 1 1 1 1 1 1 1 1 1 1 1 1 1 1 1 1 1 1 1 1 1
ciInstanceKlass jdk/internal/reflect/UnsafeStaticFieldAccessorImpl 0 0 43 10 9 10 9 100 100 8 10 100 1 1 1 1 1 1 1 1 1 1 1 1 1 1 1 12 12 100 12 12 1 1 100 12 1 1 1 1 1 1 1 1 1
ciInstanceKlass jdk/internal/reflect/CallerSensitive 0 0 17 100 100 100 1 1 1 1 1 1 1 1 1 1 1 1 1
instanceKlass java/lang/invoke/DelegatingMethodHandle
instanceKlass java/lang/invoke/BoundMethodHandle
instanceKlass java/lang/invoke/DirectMethodHandle
ciInstanceKlass java/lang/invoke/MethodHandle 1 1 489 9 10 10 7 7 10 9 10 10 10 10 10 10 11 10 10 10 9 10 100 100 10 8 10 10 8 10 10 10 10 10 10 10 10 10 10 7 10 10 10 8 10 8 10 10 10 10 8 10 8 10 8 10 9 100 10 9 9 8 10 10 10 10 10 10 10 10 10 10 10 8 10 8 10 10 10 10 10 9 8 10 10 8 10 10 10 10 10 100 8 10 10 9 10 7 10 10 9 10 10 8 9 9 9 10 10 10 10 7 10 8 10 100 1 1 1 1 1 1 1 1 1 1 1 1 1 1 1 1 1 1 1 1 1 1 1 1 100 1 1 1 1 1 1 1 1 1 1 1 1 1 1 1 1 1 1 1 1 1 1 1 1 1 1 1 1 1 1 1 1 1 1 1 1 1 1 1 1 1 1 1 1 1 1 1 1 1 1 1 1 1 1 1 1 1 1 1 1 1 1 1 1 1 7 1 1 1 1 1 1 1 1 1 1 1 1 1 1 1 1 1 1 1 1 1 1 1 1 1 1 1 1 1 100 1 1 1 1 1 1 1 1 1 1 1 1 1 100 1 1 1 1 1 1 1 1 1 1 1 1 1 1 1 1 1 1 1 1 1 1 12 12 7 12 1 1 12 12 12 12 12 100 12 12 12 100 12 12 12 12 12 12 1 1 1 12 12 1 12 12 7 12 12 12 12 12 12 12 100 12 1 12 12 12 1 7 12 1 12 12 12 12 1 12 1 12 1 100 12 12 1 100 12 100 1 12 12 12 12 12 12 12 12 12 12 12 1 12 1 12 12 12 12 12 12 1 12 12 1 12 12 7 12 12 1 1 12 12 12 1 100 12 12 12 12 12 1 12 12 12 7 12 12 12 12 1 12 12 1 1 1 1 1 1 1 1 1 1 1 1 1 1 1 1 1 1 1 1 1 1 1 1 1 1 1 1 1 1 1 1 1 1 1 1 1 1 1 1 1 1 1 1 1 1 1 1 1 1 1 1 1 1 1 1 1 1 1 1 1 1 1 1 1 1 1 1 1 1 1 1 1 1 1 1 1 1 1 1 1 1 1 1 1 1 1 1 1 1 1 1 1 1 1 1 1 1 1 1
staticfield java/lang/invoke/MethodHandle FORM_OFFSET J 20
staticfield java/lang/invoke/MethodHandle $assertionsDisabled Z 1
instanceKlass java/lang/invoke/DirectMethodHandle$Interface
instanceKlass java/lang/invoke/DirectMethodHandle$Constructor
instanceKlass java/lang/invoke/DirectMethodHandle$Special
instanceKlass java/lang/invoke/DirectMethodHandle$Accessor
ciInstanceKlass java/lang/invoke/DirectMethodHandle 1 1 922 7 7 100 7 7 10 10 100 10 10 10 10 10 10 7 7 10 10 10 10 10 10 9 100 10 9 10 10 10 10 10 10 7 10 10 10 8 10 7 10 7 10 10 10 10 10 10 100 10 10 7 10 10 10 10 8 10 10 10 10 10 9 7 10 10 10 100 10 8 10 10 10 10 10 10 10 10 10 10 10 10 10 10 10 10 10 10 10 8 9 8 9 9 8 9 9 8 9 9 8 10 10 7 9 7 10 100 10 10 10 10 7 10 10 10 7 10 10 10 10 10 9 10 9 9 10 10 7 7 7 9 10 10 10 10 9 10 100 10 100 10 10 8 9 9 10 9 10 9 9 10 10 10 10 10 10 10 9 10 10 10 10 10 9 10 9 9 9 9 9 9 9 9 9 9 9 9 9 9 9 9 9 9 9 9 9 9 9 9 9 9 9 9 9 9 9 9 9 9 9 9 9 8 9 9 10 100 10 9 10 7 9 10 10 10 10 10 8 8 8 8 10 9 10 7 10 8 9 10 8 8 8 9 8 8 8 8 8 8 7 8 10 10 8 8 10 10 10 10 7 7 1 1 1 1 1 1 1 100 1 1 1 1 7 1 1 1 1 1 3 1 3 1 3 1 3 1 3 1 3 1 3 1 1 3 1 1 3 1 3 1 1 1 1 1 1 1 1 1 1 1 1 1 1 3 1 3 1 1 1 1 3 1 1 1 1 1 1 1 1 1 1 1 1 1 1 1 1 1 1 1 1 7 1 1 1 1 1 1 1 1 1 1 1 1 1 1 1 1 1 1 1 1 1 1 1 1 1 1 1 1 1 1 1 1 1 1 1 1 1 1 1 1 1 1 1 7 1 1 1 1 1 1 1 1 1 1 1 1 1 1 1 1 1 1 1 1 1 1 1 100 1 1 1 1 1 1 1 1 1 1 1 1 1 1 1 1 1 1 1 1 1 1 1 1 1 1 1 1 1 100 1 1 1 1 1 1 1 1 1 1 1 1 1 1 1 1 1 1 1 1 1 1 1 1 1 1 1 1 1 1 1 1 1 1 1 1 1 1 1 1 1 1 1 1 1 1 1 1 1 1 1 1 1 1 1 1 1 1 1 1 1 1 1 7 1 1 1 1 12 12 1 12 12 12 12 12 12 1 1 12 12 12 12 12 12 12 1 12 12 12 12 12 12 12 1 12 12 12 1 12 1 12 1 12 12 12 12 12 1 12 12 1 12 12 12 12 12 12 12 12 12 7 12 1 12 7 12 12 1 1 12 12 12 12 12 12 12 12 12 12 12 12 7 12 12 12 12 12 1 12 1 12 12 1 12 12 1 12 12 1 12 12 1 12 1 12 1 12 12 12 12 1 12 12 12 12 7 12 12 12 12 12 12 12 7 12 12 1 1 1 12 12 12 12 12 12 12 1 12 1 12 12 1 12 12 12 12 100 12 12 12 12 12 12 12 12 12 7 12 12 12 12 12 12 12 12 12 12 12 12 12 12 12 12 12 12 12 12 12 12 12 12 12 12 12 12 12 12 12 12 12 12 12 12 12 12 12 12 12 12 12 12 12 12 1 12 12 12 1 12 7 12 1 12 12 12 12 12 1 1 1 1 12 12 12 1 100 12 12 12 12 1 1 12 12 1 12 12 12 12 1 1 1 1 1 1 1 1 1 1 1 1 1 1 1 1 1 1 1 1 1 1 1 1 1 1 1 1 1 1 1 1 1 1 1 1 1 1 1 1 1 1 1 1 1 1 1 1 1 1 1 1 1 1 1 1 1 1 1 1 1 1 1 1 1 1 1 1 1 1 1 1 1 1 1 1 1 1 1 1 1 1 1 1 1 1 1 1 1 1 1 1 1 1 1 1 1 1 1 1 1 1 1 1 1 1 1 1 1 1 1 1 1 1 1 1 1 1 1 1 1 1 1 1 1 1 1 1 1 1 1 1 1 1 1 1 1 1 1 1 1 1 1 1 1 1 1 1 1 1 1 1 1 1 1 1 1 1 1 1 1 1 1 1 1 1 1 1 1 1 1 1 1 1 1 1 1 1 1 1 1 1 1 1 1 1 1 1 1 1
staticfield java/lang/invoke/DirectMethodHandle IMPL_NAMES Ljava/lang/invoke/MemberName$Factory; java/lang/invoke/MemberName$Factory
staticfield java/lang/invoke/DirectMethodHandle FT_UNCHECKED_REF I 8
staticfield java/lang/invoke/DirectMethodHandle ACCESSOR_FORMS [Ljava/lang/invoke/LambdaForm; 132 [Ljava/lang/invoke/LambdaForm;
staticfield java/lang/invoke/DirectMethodHandle ALL_WRAPPERS [Lsun/invoke/util/Wrapper; 10 [Lsun/invoke/util/Wrapper;
staticfield java/lang/invoke/DirectMethodHandle NFS [Ljava/lang/invoke/LambdaForm$NamedFunction; 12 [Ljava/lang/invoke/LambdaForm$NamedFunction;
staticfield java/lang/invoke/DirectMethodHandle OBJ_OBJ_TYPE Ljava/lang/invoke/MethodType; java/lang/invoke/MethodType
staticfield java/lang/invoke/DirectMethodHandle LONG_OBJ_TYPE Ljava/lang/invoke/MethodType; java/lang/invoke/MethodType
staticfield java/lang/invoke/DirectMethodHandle $assertionsDisabled Z 1
instanceKlass java/lang/invoke/VarHandleObjects$Array
instanceKlass java/lang/invoke/VarHandleObjects$FieldInstanceReadOnly
instanceKlass java/lang/invoke/VarHandleInts$FieldInstanceReadOnly
ciInstanceKlass java/lang/invoke/VarHandle 1 1 298 10 9 100 10 9 10 10 10 9 10 10 9 9 10 10 10 10 10 10 10 9 100 10 9 10 10 7 7 10 10 10 9 10 9 10 10 10 100 10 9 9 10 10 10 10 10 10 10 7 10 10 9 8 10 7 10 7 100 1 1 100 1 100 1 100 1 1 1 1 1 1 1 1 1 1 1 1 1 1 1 1 1 1 1 1 1 1 1 1 1 1 100 1 1 1 1 1 1 1 1 1 1 1 1 1 1 1 1 1 1 1 1 1 1 1 1 1 1 1 1 1 1 1 1 1 1 1 1 1 1 1 1 1 1 1 1 1 1 1 1 1 1 1 100 1 1 1 1 1 1 1 1 1 100 1 1 1 1 1 1 1 100 1 1 1 100 1 1 1 1 1 1 1 1 1 1 1 1 12 12 1 12 12 12 12 12 12 12 12 12 12 12 12 12 12 100 12 12 1 12 12 12 1 1 12 100 12 12 12 12 12 12 12 12 1 7 12 12 7 12 12 12 12 12 12 12 1 7 12 12 12 1 12 1 1 1 1 1 1 1 1 1 1 1 1 1 1 1 1 1 1 1 1 1 1 1 1 1 1 1 1 1 1 1 1 1 1 1 1 1 1 1 1 1 1 1 1 1 1 1 1 1 1 1 1 1 1 1 1 1 1 1 1 1 1 1 1
staticfield java/lang/invoke/VarHandle AIOOBE_SUPPLIER Ljava/util/function/BiFunction; jdk/internal/util/Preconditions$1
staticfield java/lang/invoke/VarHandle VFORM_OFFSET J 12
staticfield java/lang/invoke/VarHandle $assertionsDisabled Z 1
ciInstanceKlass java/lang/invoke/MemberName 1 1 747 7 7 100 9 10 9 10 10 10 10 10 10 10 9 10 100 100 10 8 10 10 10 10 9 8 10 7 7 10 10 100 100 7 10 9 100 8 10 10 10 10 10 10 10 10 10 10 8 8 8 10 10 9 3 10 10 10 10 10 10 10 10 10 7 8 10 10 8 9 8 9 10 8 10 10 10 10 10 100 10 10 8 10 10 8 10 10 100 10 10 8 8 100 10 10 100 10 10 10 10 10 10 10 10 10 3 10 3 10 3 3 3 3 3 3 100 10 10 10 3 9 10 3 10 10 10 10 10 10 10 10 10 10 10 10 10 10 100 10 10 10 100 10 10 10 10 10 10 8 10 10 10 10 10 10 10 10 10 10 10 10 10 100 10 100 8 10 7 10 10 10 10 10 8 8 8 8 10 10 10 8 8 10 8 10 10 10 8 8 10 10 8 10 8 10 10 10 8 8 8 100 10 8 8 8 8 10 100 100 100 10 100 10 100 10 9 10 100 100 7 1 1 1 1 1 1 1 1 1 1 1 1 1 1 1 1 1 3 1 3 1 3 1 3 1 3 1 3 1 1 1 1 1 1 1 1 3 1 1 1 1 3 1 1 1 1 1 1 1 1 1 1 1 1 1 1 1 1 1 1 1 1 1 1 1 1 1 1 1 1 1 1 1 1 1 1 1 1 1 1 1 1 1 1 1 1 1 1 1 1 1 1 1 1 1 1 1 1 1 1 1 1 1 1 1 1 1 1 1 1 1 1 1 1 1 1 1 1 1 1 1 1 1 1 1 1 1 1 1 1 1 1 1 1 1 1 1 1 1 1 1 1 1 1 1 1 1 1 1 1 1 1 1 1 1 1 1 1 1 1 1 1 1 7 1 1 1 1 1 1 1 1 1 1 1 100 1 1 1 1 1 1 100 1 1 1 1 1 1 1 1 1 1 1 1 1 1 1 1 1 1 1 1 1 1 1 1 1 1 1 1 1 1 1 1 1 1 1 1 1 1 1 1 1 1 1 1 1 1 1 100 1 1 100 1 1 1 1 1 1 1 1 1 7 1 1 12 12 12 12 12 12 12 12 12 12 100 12 12 1 1 12 1 12 12 12 12 12 1 100 12 1 1 12 1 12 12 1 1 12 12 12 12 12 12 12 12 12 12 1 1 1 100 12 12 12 12 12 12 12 12 12 12 12 1 12 12 100 100 12 1 12 12 12 12 12 1 12 12 1 12 12 1 12 12 1 12 12 1 1 1 12 100 12 1 12 12 12 12 12 12 12 12 12 12 100 1 12 7 12 12 12 12 12 7 12 12 12 12 12 12 12 12 12 1 12 1 12 12 12 12 12 12 12 12 12 12 12 12 12 1 12 1 1 1 12 12 12 12 12 1 1 1 1 12 12 12 1 1 12 1 12 12 1 1 12 1 12 1 12 12 12 1 1 1 1 1 1 1 1 12 1 1 1 1 1 12 12 12 1 1 1 1 1 1 1 1 1 1 1 1 1 1 1 1 1 1 1 1 1 1 1 1 1 1 1 1 1 1 1 1 1 1 1 1 1 1 1 1 1 1 1 1 1 1 1 1 1 1 1 1 1 1 1 1 1 1 1 1 1 1 1 1 1 1 1 1 1 1 1 1 1 1 1 1 1 1 1 1 1 1 1 1 1 1 1 1 1 1 1 1 1 1 1 1 1
staticfield java/lang/invoke/MemberName $assertionsDisabled Z 1
ciInstanceKlass java/lang/invoke/ResolvedMethodName 1 1 16 10 100 100 1 1 1 1 1 1 1 1 1 12 1 1
ciInstanceKlass java/lang/invoke/MethodHandleNatives 1 1 660 100 10 9 10 100 10 10 10 10 8 8 8 8 8 8 8 8 8 8 7 10 7 10 10 7 10 10 8 10 8 10 8 10 9 8 10 100 10 100 100 8 7 7 10 10 7 9 10 10 10 7 10 10 10 10 10 9 8 10 8 10 8 8 8 100 10 8 10 10 10 100 8 10 7 8 10 8 8 8 8 8 10 10 10 10 10 7 10 100 100 10 10 8 8 10 10 10 8 10 8 8 10 10 100 10 7 9 10 10 10 9 10 9 9 10 10 10 7 7 10 10 10 10 10 8 10 10 10 10 10 10 100 8 10 9 10 10 100 10 10 100 100 10 10 100 100 10 100 10 10 10 10 10 10 10 10 10 10 10 10 8 100 10 10 10 10 10 10 7 10 10 10 10 1 1 7 1 1 1 1 1 1 1 1 1 1 1 1 1 1 1 1 1 100 1 1 1 1 1 1 1 1 1 1 1 1 1 1 1 1 1 1 1 1 1 1 1 1 1 1 1 1 1 1 1 1 1 1 1 1 1 1 1 1 1 1 1 1 1 1 1 1 1 1 1 1 1 100 1 1 1 1 1 1 1 1 1 1 1 1 1 1 1 1 1 1 1 1 1 1 7 1 1 1 1 1 1 1 1 1 1 1 1 1 1 1 1 1 1 1 1 1 1 1 1 1 1 1 1 1 1 1 1 1 1 1 1 1 1 1 1 1 1 7 1 1 1 1 1 1 1 1 1 1 1 1 100 1 1 1 1 1 1 1 1 1 1 1 1 1 1 7 1 1 1 1 1 1 1 1 1 1 1 1 1 1 100 1 1 1 1 1 1 1 1 1 1 1 1 1 1 1 1 12 12 12 1 12 12 12 1 1 1 1 1 1 1 1 1 1 1 12 1 12 12 1 12 1 12 1 12 1 12 100 12 1 100 12 1 12 1 1 1 1 1 12 1 7 12 12 12 12 1 12 7 12 12 12 12 12 1 12 1 12 1 1 1 1 12 1 12 12 100 12 1 100 12 1 1 12 1 1 1 1 1 12 12 12 12 12 1 12 1 1 12 12 1 1 12 12 1 100 12 1 1 12 12 1 12 1 12 7 12 12 12 12 12 12 12 12 12 1 1 12 12 12 7 12 12 1 12 12 12 12 7 12 12 1 1 12 12 12 1 12 12 1 1 1 1 1 12 12 12 12 12 12 12 12 12 1 1 12 12 12 12 12 12 1 12 12 12 1 1 1 1 1 100 1 1 1 1 1 1 1 1 1 1 1 1 1 1 1 1 1 1 1 1 1 1 1 1 1 1 1 1 1 1 1 1 1 1 1 1 1 1 1 1 1 1 1 1 1 1 1 1 1 1 1 1 1 1 1 1 1 1 1 1 1 1 1 1 1 1 1 1 1 1 1 1 1 1 1 1 1 1 1 1 1 1 1 1 1 1 1 1 1 1 1 1 1 1 1 1 1 1 1 1 1 1 1 1 1 1 1 1 1 1 1 1
staticfield java/lang/invoke/MethodHandleNatives $assertionsDisabled Z 1
ciInstanceKlass java/lang/invoke/LambdaForm 1 1 1075 100 9 10 10 9 9 10 100 10 9 10 9 10 7 9 9 9 9 10 7 10 7 10 10 10 10 10 10 9 100 10 9 10 10 10 10 10 7 10 10 8 10 10 10 7 10 10 7 10 10 9 9 9 10 9 10 10 100 10 9 10 10 100 10 10 10 10 10 10 10 8 10 10 8 8 9 9 9 10 10 10 9 10 10 10 10 10 10 9 10 8 8 8 8 8 8 8 8 10 9 7 10 9 10 10 10 10 10 10 10 10 10 10 10 10 10 10 100 8 10 10 10 10 8 10 8 8 10 9 10 10 100 10 10 10 10 9 8 10 10 10 10 10 9 8 10 100 10 10 9 9 8 10 10 100 100 10 10 8 8 100 8 10 10 10 8 8 9 10 10 8 8 8 100 8 100 8 100 8 10 8 9 10 10 9 10 10 10 10 10 10 10 10 10 10 8 100 10 10 9 10 8 8 100 8 8 8 8 8 8 8 8 10 10 10 10 8 8 8 10 8 10 8 8 8 8 8 10 10 10 10 10 10 10 10 10 10 10 9 8 10 9 10 9 9 9 9 7 10 9 10 10 7 8 10 9 7 10 8 100 10 9 9 10 7 10 10 10 9 10 10 10 9 10 10 10 9 10 9 7 9 10 9 10 100 10 7 9 100 1 1 100 1 100 1 1 1 7 1 7 1 1 1 1 1 1 1 1 1 1 1 1 1 1 1 1 1 1 1 1 1 3 1 3 1 1 1 1 1 3 1 1 1 7 1 1 1 1 1 1 1 1 1 1 1 1 1 1 1 1 1 1 1 1 1 1 1 1 1 1 1 1 1 1 1 1 1 1 1 1 1 1 1 1 1 1 1 1 1 1 1 1 1 1 1 1 1 1 1 1 1 1 1 1 1 1 1 1 1 1 1 1 1 1 1 1 1 1 1 1 1 1 1 1 1 1 1 1 1 1 1 1 1 1 1 1 1 1 1 1 1 1 1 1 1 1 1 1 1 1 100 1 1 1 1 1 1 1 1 1 1 1 1 1 1 1 1 1 1 1 1 1 1 1 1 1 1 1 1 1 1 1 1 1 1 1 1 1 1 1 1 1 1 1 1 1 1 1 1 1 1 1 1 1 1 1 1 1 1 1 1 1 1 7 1 1 1 1 1 1 1 1 1 1 1 1 1 1 1 1 1 1 1 1 1 1 1 1 100 1 1 1 1 1 1 1 1 1 1 1 1 1 1 1 1 1 1 1 1 100 1 1 1 1 1 1 1 1 1 1 1 1 1 1 1 1 1 1 1 1 1 1 1 1 1 1 1 1 1 1 1 1 1 1 1 1 1 1 1 1 1 1 1 1 1 1 1 1 1 1 1 100 1 1 1 1 1 1 1 1 1 1 1 1 1 1 1 1 1 1 1 1 1 1 1 1 100 1 1 1 100 1 1 12 12 12 12 12 12 1 12 12 12 7 12 12 12 12 12 12 1 12 1 12 12 100 12 100 12 12 12 12 1 12 12 12 12 12 12 12 1 12 1 12 12 12 1 12 12 1 12 12 12 12 12 12 12 12 12 1 12 12 12 12 1 12 12 12 12 12 12 12 1 12 12 1 1 12 12 12 12 7 12 12 12 7 12 12 12 12 12 12 12 1 1 1 1 1 1 1 1 12 12 1 12 12 12 12 12 12 12 12 12 12 12 12 12 12 12 1 1 12 12 12 1 12 1 1 12 12 12 12 1 12 12 7 12 12 12 1 100 12 12 12 12 12 12 1 12 12 7 12 12 1 12 12 1 1 12 1 1 1 1 12 12 12 1 1 12 12 12 1 1 1 1 1 1 1 1 1 12 1 12 12 12 12 12 12 12 12 12 12 12 12 1 12 12 12 12 1 1 1 1 1 1 1 1 1 1 1 12 12 12 12 1 1 1 12 1 12 1 1 1 1 1 12 12 12 7 12 12 12 12 12 12 12 12 12 1 12 12 12 12 12 12 12 1 7 12 12 12 12 1 1 12 12 1 12 1 1 12 12 12 12 1 12 7 12 12 7 12 12 12 12 12 12 12 12 12 12 12 12 12 1 1 1 1 1 1 1 1 1 1 1 1 1 1 1 1 1 1 1 1 1 1 1 1 1 1 1 1 1 1 1 1 1 1 1 1 1 1 1 1 1 1 1 1 1 1 1 1 1 1 1 1 1 1 1 1 1 1 1 1 1 1 1 1 1 1 1 1 1 1 1 1 1 1 1 1 1 1 1 1 1 1 1 1 1 1 1 1 1 1 1 1 1 1 1 1 1 1 1 1 1 1 1 1 1 1 1 1 1 1 1 1 1 1 1 1 1 1 1 1 1 1 1 1 1 1 1 1 1 1 1 1 1 1 1 1 1 1 1 1 1 1 1 1 1 1 1 1 1 1 1 1 1 1 1 1 1 1 1 1 1
staticfield java/lang/invoke/LambdaForm COMPILE_THRESHOLD I 0
staticfield java/lang/invoke/LambdaForm INTERNED_ARGUMENTS [[Ljava/lang/invoke/LambdaForm$Name; 5 [[Ljava/lang/invoke/LambdaForm$Name;
staticfield java/lang/invoke/LambdaForm IMPL_NAMES Ljava/lang/invoke/MemberName$Factory; java/lang/invoke/MemberName$Factory
staticfield java/lang/invoke/LambdaForm LF_identity [Ljava/lang/invoke/LambdaForm; 6 [Ljava/lang/invoke/LambdaForm;
staticfield java/lang/invoke/LambdaForm LF_zero [Ljava/lang/invoke/LambdaForm; 6 [Ljava/lang/invoke/LambdaForm;
staticfield java/lang/invoke/LambdaForm NF_identity [Ljava/lang/invoke/LambdaForm$NamedFunction; 6 [Ljava/lang/invoke/LambdaForm$NamedFunction;
staticfield java/lang/invoke/LambdaForm NF_zero [Ljava/lang/invoke/LambdaForm$NamedFunction; 6 [Ljava/lang/invoke/LambdaForm$NamedFunction;
staticfield java/lang/invoke/LambdaForm createFormsLock Ljava/lang/Object; java/lang/Object
staticfield java/lang/invoke/LambdaForm DEBUG_NAME_COUNTERS Ljava/util/HashMap; null
staticfield java/lang/invoke/LambdaForm DEBUG_NAMES Ljava/util/HashMap; null
staticfield java/lang/invoke/LambdaForm TRACE_INTERPRETER Z 0
staticfield java/lang/invoke/LambdaForm $assertionsDisabled Z 1
ciInstanceKlass java/lang/invoke/MethodType 1 1 680 7 10 9 9 9 10 9 8 10 10 9 9 10 100 10 8 10 10 10 100 8 10 100 10 10 10 10 11 9 11 7 7 10 10 9 10 10 10 10 10 10 9 7 10 100 10 10 10 10 10 10 10 10 10 8 8 10 9 100 10 10 10 10 10 10 10 10 10 8 10 10 10 10 10 10 10 10 10 9 10 10 10 10 9 7 10 10 10 10 10 10 10 10 100 8 8 8 10 10 10 10 11 11 10 9 10 10 10 10 10 10 10 10 10 10 10 10 9 7 10 10 10 10 10 10 10 8 10 11 9 10 10 10 10 10 10 10 10 10 9 9 10 9 10 7 10 7 7 9 100 1 1 100 1 1 1 1 5 0 1 1 1 1 1 1 1 1 1 1 1 1 1 1 1 1 1 1 1 3 1 3 1 3 1 1 1 1 1 1 1 1 1 1 1 1 1 1 1 1 1 1 1 1 1 1 1 1 1 1 1 1 1 1 1 1 1 1 1 1 1 1 1 1 1 1 1 1 1 1 1 1 1 1 1 1 1 1 1 1 1 1 1 1 1 1 1 1 1 1 1 1 1 1 1 1 1 1 1 1 1 1 1 1 1 1 1 1 1 1 1 1 1 1 1 1 1 1 1 1 1 1 1 1 1 1 1 1 1 1 1 1 1 1 1 1 1 1 1 1 1 1 1 1 1 1 1 1 1 1 1 1 1 1 1 1 1 1 1 1 1 1 1 1 1 1 1 1 1 1 1 1 1 1 1 1 1 1 1 1 1 1 1 1 1 1 1 1 1 1 7 1 1 1 1 1 1 1 1 1 1 1 1 1 1 1 1 1 1 1 1 1 1 1 100 1 1 1 1 1 1 1 1 1 1 1 100 100 1 100 100 1 1 1 1 1 1 1 1 1 1 1 1 100 1 1 1 100 1 1 1 100 1 1 1 1 1 100 1 12 12 12 12 7 12 7 12 1 100 12 12 7 7 12 1 1 12 12 12 1 1 12 1 12 12 12 12 12 12 1 7 12 12 12 12 12 12 7 12 12 12 12 1 12 1 12 12 7 12 12 12 12 12 12 12 1 1 12 12 1 12 12 12 12 100 12 12 12 1 12 100 12 12 12 12 12 12 12 12 12 12 12 12 12 1 12 100 12 12 7 12 12 12 1 1 1 1 12 12 12 12 12 100 12 12 12 12 12 12 12 12 12 12 12 12 12 12 1 12 12 12 12 12 12 12 1 7 12 12 12 12 12 100 12 12 12 12 100 12 12 100 12 12 100 12 12 12 1 1 1 12 1 1 1 1 1 1 1 1 1 1 1 1 1 1 1 1 1 1 1 1 1 1 1 1 1 1 1 1 1 1 1 1 1 1 1 1 1 1 1 1 1 1 1 1 1 1 1 1 1 1 1 1 1 1 1 1 1 1 1 1 1 1 1 1 1 1 1 1 1 1 1 1 1 1 1 1 1 1 1 1 1 1 1 1 1 1 1 1 1 1 1 1 1 1 1 1 1 1 1 1 1 1 1 1 1 1 1 1 1
staticfield java/lang/invoke/MethodType internTable Ljava/lang/invoke/MethodType$ConcurrentWeakInternSet; java/lang/invoke/MethodType$ConcurrentWeakInternSet
staticfield java/lang/invoke/MethodType NO_PTYPES [Ljava/lang/Class; 0 [Ljava/lang/Class;
staticfield java/lang/invoke/MethodType objectOnlyTypes [Ljava/lang/invoke/MethodType; 20 [Ljava/lang/invoke/MethodType;
staticfield java/lang/invoke/MethodType METHOD_HANDLE_ARRAY [Ljava/lang/Class; 1 [Ljava/lang/Class;
staticfield java/lang/invoke/MethodType serialPersistentFields [Ljava/io/ObjectStreamField; 0 [Ljava/io/ObjectStreamField;
staticfield java/lang/invoke/MethodType $assertionsDisabled Z 1
ciInstanceKlass java/lang/BootstrapMethodError 0 0 45 10 10 10 10 10 100 100 1 1 1 5 0 1 1 1 1 1 1 1 1 1 1 1 1 1 1 1 100 100 1 1 12 12 12 12 12 1 1 1 1 1 1 1 1
instanceKlass java/lang/invoke/VolatileCallSite
instanceKlass java/lang/invoke/MutableCallSite
instanceKlass java/lang/invoke/ConstantCallSite
ciInstanceKlass java/lang/invoke/CallSite 1 1 299 10 10 9 10 9 10 10 100 7 10 7 10 10 10 100 100 10 10 10 8 10 10 10 10 10 10 10 10 9 9 7 8 10 10 100 10 9 8 100 10 10 100 8 10 10 10 100 10 10 10 10 10 9 9 8 10 9 100 10 10 10 10 10 10 100 8 10 10 100 100 100 8 10 10 1 1 1 7 1 1 1 1 1 1 1 1 1 1 1 1 1 1 1 1 1 1 1 1 1 1 1 1 1 1 1 1 1 1 1 1 1 1 1 1 1 1 1 7 1 1 1 1 1 1 1 1 1 1 1 1 1 1 1 1 1 1 1 1 1 1 1 1 1 1 1 1 1 1 1 1 1 1 1 1 1 1 1 100 7 1 1 1 1 1 1 12 12 12 12 12 12 12 1 1 12 1 12 12 12 1 1 12 12 1 12 12 12 12 12 100 12 12 12 100 12 1 12 12 1 100 12 12 12 12 1 1 12 12 1 12 12 12 12 12 12 12 100 12 12 1 100 12 12 12 12 7 12 1 1 12 1 1 1 1 12 12 1 1 1 1 1 1 1 1 1 1 1 1 1 1 1 1 1 1 1 1 1 1 1 1 1 1 1 1 1 1 1 1 1 1 1 1 1 1 1 1 1 1 1 1 1 1 1 1 1 1 1 1 1 1 1 1 1 1 1 1 1 1
staticfield java/lang/invoke/CallSite $assertionsDisabled Z 1
ciInstanceKlass java/lang/invoke/MethodHandleNatives$CallSiteContext 1 1 49 10 7 10 10 10 10 7 100 1 1 1 1 1 1 1 1 1 1 1 1 1 1 1 1 1 1 7 12 1 7 12 7 12 12 1 1 1 1 1 1 1 1 100 1 1 1 1 1
ciInstanceKlass java/lang/invoke/ConstantCallSite 1 1 49 10 9 10 100 10 9 100 10 10 7 7 1 1 1 1 1 1 1 1 1 1 1 1 1 1 1 1 100 1 1 1 1 1 1 1 1 12 12 12 1 12 12 1 12 1 1 1 1
ciInstanceKlass java/lang/invoke/MutableCallSite 0 0 67 10 10 9 10 10 10 9 10 10 100 10 100 100 1 1 1 1 1 1 1 1 1 1 1 1 1 1 1 1 1 1 1 1 1 1 1 1 1 100 1 1 1 1 12 12 12 12 12 12 12 12 100 12 1 12 1 1 1 1 1 1 1 1 1 1 1
ciInstanceKlass java/lang/invoke/VolatileCallSite 0 0 41 10 10 10 10 10 10 100 100 1 1 1 1 1 1 1 1 1 1 1 1 1 1 1 1 1 1 1 12 12 12 12 12 12 1 1 1 1 1 1 1
ciInstanceKlass java/lang/AssertionStatusDirectives 0 0 24 10 100 100 1 1 1 1 1 1 1 1 1 1 1 1 1 1 1 1 1 12 1 1
instanceKlass java/lang/StringBuilder
instanceKlass java/lang/StringBuffer
ciInstanceKlass java/lang/AbstractStringBuilder 1 1 522 7 7 10 9 9 9 9 10 9 10 10 10 10 10 10 10 10 7 3 10 3 100 10 10 100 10 10 10 10 10 10 10 100 10 10 10 10 10 10 10 10 10 10 10 10 10 10 10 10 10 10 10 11 10 10 8 10 10 10 10 10 10 10 10 10 10 10 10 10 10 10 10 10 10 10 10 10 10 10 10 10 10 10 10 10 10 10 10 10 10 10 18 100 10 18 10 10 10 11 10 10 10 100 10 8 10 10 8 8 10 10 10 10 100 10 100 10 100 10 7 100 7 1 1 1 1 1 1 1 1 1 1 1 1 1 1 1 1 1 1 1 1 1 1 1 1 1 1 100 1 1 1 1 1 1 1 1 1 1 1 1 1 1 1 1 1 1 1 1 1 1 1 1 1 1 1 1 1 1 1 1 1 1 1 1 1 1 1 1 1 1 1 1 1 1 1 1 1 1 1 1 1 1 1 1 1 1 1 1 1 1 1 1 1 1 1 1 1 1 1 1 1 1 1 1 1 1 1 1 1 1 1 1 1 1 1 1 1 1 1 1 1 1 1 1 1 1 1 1 1 1 1 1 1 1 1 1 1 1 1 1 1 1 1 1 1 1 1 1 1 1 1 1 1 1 1 1 1 1 1 1 1 1 1 1 1 1 1 1 1 100 1 1 1 1 1 1 100 1 1 1 100 1 1 1 1 1 1 1 1 1 12 12 12 12 12 7 12 12 12 7 12 12 12 12 12 7 12 1 12 1 12 1 12 12 12 12 12 12 1 12 100 12 12 12 12 12 12 12 12 12 12 12 12 12 12 12 12 12 1 12 12 12 12 12 12 7 12 12 12 100 12 12 12 12 12 12 12 12 12 7 12 12 12 12 12 12 12 12 12 12 12 12 12 12 12 12 1 15 16 15 16 12 1 100 12 15 12 12 12 12 12 12 1 1 12 12 1 1 12 12 12 1 1 12 1 1 1 1 1 1 1 1 1 1 1 1 1 1 1 1 1 1 1 1 1 1 1 1 1 1 1 1 1 1 1 1 1 1 1 1 1 1 1 1 1 1 1 1 1 1 1 1 1 1 1 1 1 1 1 1 1 1 1 1 1 1 1 1 1 10 1 10 1 1 1 1 1 10 1 1 1 1 1 1 1 1 1 1 100 12 12 12 1 1 100 1 1 100 1 1
staticfield java/lang/AbstractStringBuilder EMPTYVALUE [B 0
ciInstanceKlass java/lang/StringBuffer 1 1 466 10 10 10 11 10 10 10 9 10 10 10 9 10 10 10 10 10 10 10 10 10 10 10 10 10 10 10 10 10 10 10 10 10 10 10 10 10 10 10 10 10 10 10 10 10 10 10 10 10 10 10 10 10 10 10 10 10 9 10 10 100 10 10 10 10 10 8 10 8 10 8 10 10 10 10 7 10 10 10 10 10 10 10 10 10 10 10 10 10 10 10 10 10 10 10 10 10 10 10 10 10 10 10 10 10 10 10 10 10 10 7 10 7 10 9 9 9 7 100 100 100 1 1 1 1 1 5 0 1 1 1 1 1 1 1 1 1 1 1 1 1 1 1 1 1 1 1 1 1 1 1 1 1 1 1 1 1 1 1 1 1 1 1 1 1 1 1 1 1 1 1 1 1 1 1 1 1 1 1 1 1 1 1 1 1 1 1 1 1 1 1 1 1 1 1 1 1 1 1 1 1 1 1 1 1 1 1 1 1 1 1 1 1 1 1 1 1 1 1 1 1 1 1 1 1 1 1 1 1 1 1 1 1 1 1 1 1 1 1 1 1 1 1 1 1 1 1 1 1 1 1 1 1 1 100 1 1 1 1 1 100 1 1 1 100 1 1 100 1 1 1 1 1 1 1 1 1 1 1 1 1 1 1 1 1 1 1 1 1 1 1 1 1 1 1 1 1 1 1 1 1 1 1 1 1 1 1 1 1 1 1 1 1 12 12 12 12 12 12 12 12 12 12 12 12 12 12 12 12 12 12 12 12 12 12 12 12 12 12 12 12 12 12 12 12 12 12 12 12 12 12 12 12 12 12 12 12 12 12 12 12 12 12 12 12 12 12 7 12 100 1 12 100 12 12 1 12 1 12 1 12 12 100 12 12 12 12 12 12 12 12 12 12 12 12 12 12 12 12 12 12 12 12 12 12 12 12 12 12 12 12 12 12 12 12 12 12 12 12 1 12 1 12 7 12 7 12 1 1 1 1 1 1 1 1 1 1 1 1 1 1 1 1 1 1 1 1 1 1 1 1 1 1 1 1 1 1 1 1 1 1 1 1 1 1
staticfield java/lang/StringBuffer serialPersistentFields [Ljava/io/ObjectStreamField; 3 [Ljava/io/ObjectStreamField;
ciInstanceKlass java/lang/StringBuilder 1 1 403 10 10 10 11 10 10 10 10 10 10 10 10 10 10 10 10 10 10 10 10 10 10 10 10 10 10 10 10 10 10 10 10 10 10 10 10 10 10 10 10 10 10 9 9 10 10 10 10 10 10 10 10 10 10 10 100 10 10 10 10 10 10 10 10 10 10 10 10 10 10 10 10 10 10 10 10 10 10 10 10 10 10 10 10 10 10 10 10 10 10 10 10 10 10 10 10 10 10 10 10 10 10 7 10 7 100 100 100 1 1 1 5 0 1 1 1 1 1 1 1 1 1 1 1 1 1 1 1 1 1 1 1 1 1 1 1 1 1 1 1 1 1 1 1 1 1 1 1 1 1 1 1 1 1 1 1 1 1 1 1 1 1 1 1 1 1 1 1 1 1 1 1 1 1 1 1 1 1 1 1 1 1 1 1 1 1 1 1 1 1 1 1 1 1 1 1 1 1 1 1 7 1 1 1 1 1 100 1 1 1 100 1 1 1 1 1 1 1 1 1 1 1 1 1 1 1 1 1 1 1 1 1 1 1 1 1 1 1 1 1 1 1 1 1 1 1 1 1 1 1 1 1 1 1 1 1 1 1 1 1 1 1 1 1 1 1 1 1 1 1 1 12 12 12 12 12 12 12 12 12 12 12 12 12 12 12 12 12 12 12 12 12 12 12 12 12 12 12 12 12 12 12 12 12 12 12 12 12 12 12 12 12 12 7 12 100 100 12 12 12 12 12 100 12 12 12 12 12 12 12 12 12 12 12 12 12 12 12 12 12 12 12 12 12 12 12 12 12 12 12 12 12 12 12 12 12 12 12 12 12 12 12 12 12 12 12 12 12 12 12 1 12 1 1 1 1 1 1 1 1 1 1 1 1 1 1 1 1 1 1 1 1 1 1 1 1 1 1 1 1 1 1
ciInstanceKlass jdk/internal/misc/Unsafe 1 1 1161 10 9 9 10 10 10 10 10 10 10 10 10 10 10 10 10 10 10 10 10 100 10 10 10 5 0 10 10 10 10 10 10 10 10 10 100 10 10 10 10 10 10 10 10 10 10 10 10 10 10 5 0 5 0 5 0 10 10 10 100 10 10 10 10 10 10 10 10 10 100 10 10 10 10 8 10 8 8 10 9 9 9 9 9 9 9 9 10 10 10 10 5 0 5 0 9 10 10 10 10 10 8 3 10 10 10 10 10 10 10 10 10 10 10 10 10 10 10 10 10 10 10 10 10 10 10 10 10 10 10 10 10 10 10 10 10 10 10 10 10 10 10 10 10 10 10 10 10 10 10 10 10 10 10 10 10 10 10 10 10 10 10 10 10 10 10 10 10 10 10 10 10 10 10 10 10 10 10 10 10 10 10 10 10 10 10 10 10 10 10 10 10 10 10 10 10 10 10 10 100 10 9 5 0 10 5 0 10 5 0 10 10 10 10 10 10 10 10 10 10 10 10 10 10 10 10 10 10 10 10 10 10 10 10 10 10 10 10 10 10 10 5 0 5 0 5 0 10 10 10 10 10 7 10 7 10 9 7 9 7 9 7 9 7 9 7 9 7 9 7 9 7 9 10 9 9 9 9 9 9 9 9 9 10 10 10 7 1 1 1 1 1 3 1 1 1 1 1 1 1 1 1 1 1 1 1 1 1 1 1 1 1 1 1 1 1 1 1 1 1 1 1 1 1 1 1 1 1 1 1 1 1 1 1 1 1 1 1 1 1 1 1 1 1 1 1 1 1 1 1 1 1 1 1 1 1 1 1 1 1 1 1 1 1 1 1 1 1 1 1 1 1 1 1 1 1 1 1 1 1 1 1 1 1 1 1 1 1 1 1 1 1 1 1 1 1 1 1 1 1 1 1 1 1 1 1 1 1 1 1 1 1 7 1 1 1 1 1 1 1 1 1 1 1 1 1 1 1 1 1 1 1 1 1 1 1 1 1 1 1 1 1 1 1 1 1 1 1 1 1 1 1 1 1 1 1 1 1 1 1 1 1 1 1 1 1 1 1 1 1 1 1 1 1 1 1 1 1 1 1 1 1 1 1 1 1 1 1 1 100 1 1 1 1 1 1 1 1 1 1 1 1 1 1 1 1 1 1 1 1 1 1 1 1 1 1 1 1 1 1 1 1 1 1 1 1 1 1 1 1 1 1 1 1 1 1 1 1 1 1 1 1 1 1 1 1 1 1 1 1 1 1 1 1 1 1 1 1 1 1 1 1 1 1 1 1 1 1 1 1 1 1 1 1 1 1 1 1 1 1 1 1 1 1 1 1 1 1 1 1 1 1 1 1 1 1 1 1 1 1 1 1 1 1 1 1 1 1 1 1 1 1 1 1 1 1 1 1 1 1 1 1 1 1 1 1 1 1 1 1 1 1 1 1 1 1 1 1 1 1 1 1 1 1 1 1 1 1 1 1 1 1 1 1 1 1 1 1 1 1 1 1 1 1 1 1 1 1 1 1 1 1 1 1 1 1 1 1 1 1 1 1 1 1 1 1 1 1 1 1 1 1 1 1 1 1 1 1 1 1 1 1 1 1 1 1 1 1 1 1 1 1 1 1 1 1 1 1 1 1 1 1 1 1 1 1 1 1 1 1 1 1 1 1 1 1 1 1 1 1 1 1 1 1 1 1 1 1 1 1 1 1 1 1 1 1 1 1 1 1 1 1 1 1 1 1 1 1 1 1 1 1 1 1 1 1 1 1 1 1 1 1 1 1 1 1 1 1 1 1 1 1 1 1 1 1 1 1 1 1 1 1 1 1 1 1 1 1 1 1 1 1 1 1 1 1 1 1 1 1 1 1 1 1 1 1 1 1 1 1 1 1 1 1 1 1 1 1 1 1 1 1 1 1 1 1 1 1 1 1 1 1 1 1 1 1 1 1 1 1 1 1 1 1 1 1 1 1 1 1 1 1 1 1 1 1 1 1 1 12 12 12 12 7 12 12 12 12 12 12 12 12 12 12 12 12 12 12 12 12 1 12 12 12 12 12 12 12 12 12 12 12 1 12 12 12 12 12 12 12 12 12 12 12 12 12 12 12 12 1 12 12 12 12 12 12 12 12 1 12 12 12 1 12 1 1 12 7 12 100 7 100 100 100 100 12 12 12 12 12 12 12 12 12 12 1 12 12 12 12 12 12 12 12 12 12 12 12 12 12 12 12 12 12 12 12 12 12 12 12 12 12 12 12 12 12 12 12 12 12 12 12 12 12 12 12 12 12 12 12 12 12 12 12 12 12 12 12 12 12 12 12 12 12 12 12 12 12 12 12 12 12 12 12 12 12 12 12 12 12 12 12 12 12 12 12 12 12 12 12 12 12 12 12 12 12 12 12 12 12 12 12 1 12 12 12 12 12 12 12 12 12 12 12 12 12 12 12 12 12 12 12 12 12 12 12 12 12 12 12 12 12 12 12 12 12 12 12 12 12 12 1 1 12 12 12 1 12 1 12 1 12 1 12 1 12 12 12 12 12 12 12 12 12 12 12 12 12 12 12 12 1 1 1 1 1 1 1 1 1 1 1 1 1 1 1 1 1 1 1 1 1 1 1 1 1 1 1 1 1
staticfield jdk/internal/misc/Unsafe theUnsafe Ljdk/internal/misc/Unsafe; jdk/internal/misc/Unsafe
staticfield jdk/internal/misc/Unsafe ARRAY_BOOLEAN_BASE_OFFSET I 16
staticfield jdk/internal/misc/Unsafe ARRAY_BYTE_BASE_OFFSET I 16
staticfield jdk/internal/misc/Unsafe ARRAY_SHORT_BASE_OFFSET I 16
staticfield jdk/internal/misc/Unsafe ARRAY_CHAR_BASE_OFFSET I 16
staticfield jdk/internal/misc/Unsafe ARRAY_INT_BASE_OFFSET I 16
staticfield jdk/internal/misc/Unsafe ARRAY_LONG_BASE_OFFSET I 16
staticfield jdk/internal/misc/Unsafe ARRAY_FLOAT_BASE_OFFSET I 16
staticfield jdk/internal/misc/Unsafe ARRAY_DOUBLE_BASE_OFFSET I 16
staticfield jdk/internal/misc/Unsafe ARRAY_OBJECT_BASE_OFFSET I 16
staticfield jdk/internal/misc/Unsafe ARRAY_BOOLEAN_INDEX_SCALE I 1
staticfield jdk/internal/misc/Unsafe ARRAY_BYTE_INDEX_SCALE I 1
staticfield jdk/internal/misc/Unsafe ARRAY_SHORT_INDEX_SCALE I 2
staticfield jdk/internal/misc/Unsafe ARRAY_CHAR_INDEX_SCALE I 2
staticfield jdk/internal/misc/Unsafe ARRAY_INT_INDEX_SCALE I 4
staticfield jdk/internal/misc/Unsafe ARRAY_LONG_INDEX_SCALE I 8
staticfield jdk/internal/misc/Unsafe ARRAY_FLOAT_INDEX_SCALE I 4
staticfield jdk/internal/misc/Unsafe ARRAY_DOUBLE_INDEX_SCALE I 8
staticfield jdk/internal/misc/Unsafe ARRAY_OBJECT_INDEX_SCALE I 4
staticfield jdk/internal/misc/Unsafe ADDRESS_SIZE I 8
staticfield jdk/internal/misc/Unsafe BE Z 0
staticfield jdk/internal/misc/Unsafe unalignedAccess Z 1
ciInstanceKlass jdk/internal/module/Modules 1 1 483 10 9 11 11 11 11 11 11 11 11 10 10 18 10 100 10 10 10 10 11 10 10 10 10 9 10 10 10 100 100 11 10 11 10 10 10 10 10 11 18 11 10 11 100 11 11 11 10 10 18 11 18 11 10 18 18 10 9 11 100 10 11 11 100 11 10 100 10 10 10 11 10 100 10 18 10 100 8 10 10 18 11 11 10 10 10 18 10 10 7 10 10 100 1 1 1 1 1 1 1 1 1 1 1 1 1 1 1 1 1 1 1 1 1 1 1 1 1 1 1 1 1 1 1 1 1 1 1 1 1 1 1 1 1 1 1 1 1 1 1 1 1 1 1 1 1 1 1 1 7 100 100 1 1 1 1 1 1 1 1 1 1 1 1 1 1 1 1 1 1 1 1 1 1 1 1 1 1 1 1 1 1 1 100 100 100 100 100 100 100 100 1 1 1 1 1 1 100 1 1 1 1 1 1 1 1 1 1 100 1 1 1 1 1 1 1 1 1 12 12 7 12 12 12 12 12 12 12 12 12 100 12 1 15 16 15 16 12 100 12 1 100 12 100 12 12 12 12 12 12 12 12 12 100 12 1 1 12 100 12 12 12 12 100 12 12 12 12 16 15 16 12 12 100 12 100 12 1 12 12 12 12 100 12 16 15 16 12 12 16 15 16 12 12 12 15 16 15 16 12 12 12 1 12 12 1 12 1 12 12 12 12 12 1 15 16 12 12 1 1 12 12 15 16 12 12 12 15 12 1 12 7 12 1 1 1 1 1 1 1 1 1 1 1 1 1 1 1 1 1 1 1 1 10 1 10 1 1 1 1 1 1 1 1 1 1 1 1 1 1 1 1 1 1 1 1 1 1 1 1 1 1 1 1 1 1 1 1 1 1 1 1 1 1 1 10 1 1 1 1 1 1 1 1 1 1 1 1 1 1 1 1 1 1 1 1 10 1 1 1 1 1 1 10 1 1 1 1 1 1 10 1 10 1 1 1 1 1 1 1 1 1 1 1 1 1 10 1 1 1 1 1 10 1 1 10 1 1 1 1 1 100 12 12 12 12 12 12 12 12 12 1 1 100 1 1 1 1 1 100 1 1
staticfield jdk/internal/module/Modules JLA Ljdk/internal/misc/JavaLangAccess; java/lang/System$2
staticfield jdk/internal/module/Modules $assertionsDisabled Z 1
instanceKlass sun/nio/ch/ChannelInputStream
instanceKlass java/util/zip/ZipFile$ZipFileInputStream
instanceKlass java/io/FilterInputStream
instanceKlass java/io/FileInputStream
instanceKlass java/io/ByteArrayInputStream
ciInstanceKlass java/io/InputStream 1 1 170 100 10 100 10 10 10 10 100 3 10 100 8 10 7 10 3 100 8 10 100 10 11 10 11 11 11 100 10 5 0 10 8 10 8 10 10 7 100 1 1 1 1 3 1 3 1 1 1 1 1 1 1 1 1 1 1 1 1 1 1 1 1 1 1 1 1 1 1 1 1 1 1 1 1 1 1 1 1 1 1 1 1 1 100 100 1 1 1 1 1 1 1 1 1 1 1 1 1 1 1 1 1 1 1 1 1 1 1 1 12 1 12 7 12 12 1 12 1 1 12 1 100 12 1 1 1 12 100 12 12 12 12 100 12 12 1 12 7 12 1 1 1 1 1 1 1 1 1 1 1 1 1 1 1 1 1 1 1 1 1 1 1 1 1 1 1 1 1 1
ciInstanceKlass java/io/ByteArrayInputStream 1 1 96 10 9 9 9 9 10 10 10 10 10 10 7 7 1 1 1 1 1 1 1 1 1 1 1 1 1 1 1 1 1 1 1 1 1 1 1 1 1 1 1 1 1 1 1 1 1 1 100 1 1 1 1 1 1 1 1 1 1 1 1 1 1 12 12 12 12 12 100 12 7 12 7 12 100 12 12 100 12 1 1 1 1 1 1 1 1 1 1 1 1 1 1 1 1 1
ciInstanceKlass java/net/URL 1 1 704 10 10 10 9 9 10 10 10 9 10 8 10 100 10 10 8 10 9 100 8 10 10 8 9 10 9 10 10 9 9 8 9 10 8 9 10 10 10 10 8 10 10 10 8 9 8 10 10 100 10 10 10 100 8 10 10 8 10 10 10 10 10 10 8 10 7 10 10 10 9 10 9 10 10 10 10 10 10 7 10 10 10 8 9 10 10 9 10 100 10 10 10 10 10 10 10 10 10 10 10 9 9 100 8 10 10 9 10 8 10 8 10 10 8 8 10 100 10 10 10 7 100 10 9 10 8 10 100 10 10 8 8 9 10 10 10 10 10 11 10 10 9 10 10 10 8 10 7 100 10 8 8 10 8 8 8 100 10 9 10 10 10 10 10 10 10 10 10 10 10 10 10 10 10 100 8 10 10 10 8 7 10 7 10 7 10 7 7 10 9 9 7 10 10 100 1 1 1 1 1 1 1 5 0 1 1 1 1 1 1 1 1 1 1 1 1 1 1 1 1 1 1 1 1 1 1 1 1 1 1 1 1 1 1 1 1 1 1 1 1 1 1 1 1 1 1 1 1 1 1 1 1 1 1 1 1 1 1 1 1 1 1 1 1 1 1 1 1 1 1 1 1 1 1 1 1 1 1 1 1 1 1 100 1 1 1 1 1 1 1 1 1 1 1 1 1 1 1 1 1 1 1 1 1 1 1 1 100 1 1 1 1 1 1 1 1 100 100 1 1 1 1 1 1 1 1 1 1 1 1 1 1 7 1 1 1 1 1 1 1 1 1 1 1 1 1 1 100 100 1 1 1 1 1 1 1 1 1 1 1 1 1 1 1 1 1 100 1 1 100 1 1 100 1 1 1 1 1 1 1 1 1 1 1 1 1 1 1 1 1 1 1 1 1 12 12 12 12 12 100 12 12 12 12 12 1 12 1 12 1 12 12 1 1 12 12 1 12 12 12 12 12 12 12 1 12 12 1 12 12 12 12 12 1 12 12 12 1 12 1 12 12 1 12 12 12 1 1 12 1 12 12 12 12 12 12 1 12 1 7 12 12 100 12 12 12 12 12 12 12 12 12 1 12 1 12 100 12 12 100 12 12 1 12 12 12 12 100 12 12 12 7 12 12 12 12 12 1 1 12 12 12 1 7 12 1 12 12 1 1 12 1 100 12 12 12 1 1 12 12 1 12 1 100 12 1 100 12 12 12 12 12 7 12 12 12 12 12 12 100 12 12 12 1 1 12 1 12 12 12 12 12 12 12 12 12 12 12 12 12 12 1 1 12 1 1 1 1 1 1 12 7 12 12 1 7 12 1 1 1 1 1 1 1 1 1 1 1 1 1 1 1 1 1 1 1 1 1 1 1 1 1 1 1 1 1 1 1 1 1 1 1 1 1 1 1 1 1 1 1 1 1 1 1 1 1 1 1 1 1 1 1 1 1 1 1 1 1 1 1 1 1 1 1 1 1 1 1 1 1 1 1 1 1 1 1 1 1 1 1 1 1 1 1 1 1 1 1 1 1 1 1 1 1 1 1 1 1 1 1 1 1 1 1 1 1 1 1 1 1 1 1 1 1 1 1 1 1 1 1 1 1 1
staticfield java/net/URL defaultFactory Ljava/net/URLStreamHandlerFactory; java/net/URL$DefaultFactory
staticfield java/net/URL streamHandlerLock Ljava/lang/Object; java/lang/Object
staticfield java/net/URL serialPersistentFields [Ljava/io/ObjectStreamField; 7 [Ljava/io/ObjectStreamField;
ciInstanceKlass java/util/jar/Manifest 1 1 299 10 7 10 9 7 10 9 9 10 10 10 10 10 11 11 10 10 100 100 10 8 10 10 10 10 11 100 10 10 11 11 11 11 100 100 8 10 11 100 8 10 10 10 10 8 10 10 11 10 10 10 8 10 7 10 10 10 100 8 10 10 8 10 10 10 10 11 10 10 10 100 7 10 11 10 11 10 7 100 1 1 1 1 1 1 1 1 1 1 1 1 1 1 1 1 1 1 1 1 1 1 1 1 1 1 1 1 1 1 1 1 1 1 1 1 1 1 1 1 1 1 1 1 1 1 1 1 1 1 1 1 1 100 100 1 1 1 1 1 1 1 1 1 1 1 1 1 1 1 1 1 1 1 1 100 100 1 1 1 1 1 1 1 1 1 1 1 1 1 1 1 1 12 1 12 1 12 12 12 12 12 12 12 7 12 12 100 12 1 1 1 12 12 12 12 1 12 12 12 100 12 12 12 1 1 1 12 1 1 12 12 12 12 1 12 12 12 12 12 1 12 1 12 12 12 1 1 12 1 12 100 12 12 12 12 12 100 12 12 1 1 12 12 12 1 1 1 1 1 1 1 1 1 1 1 1 1 1 1 1 1 1 1 1 1 1 1 1 1 1 1 1 1 1 1 1 1 1 1 1 1 1 1 1 1 1 1 1 1 1 1 1 1 1 1 1 1 1
ciInstanceKlass jdk/internal/loader/ClassLoaders 1 1 143 10 9 9 9 7 11 100 11 11 10 10 100 100 10 9 8 10 7 10 7 10 10 7 10 8 10 8 8 7 10 7 100 1 1 1 1 1 1 1 1 1 1 1 1 1 1 1 1 1 1 1 1 1 1 1 1 1 1 1 1 1 1 1 100 1 1 1 1 1 1 1 1 1 1 1 1 12 12 12 12 1 100 12 1 12 12 100 12 100 12 1 1 7 12 12 1 7 12 1 12 1 12 12 1 12 1 7 12 1 1 1 12 1 1 1 1 1 1 1 1 1 1 1 1 1 1 1 1 1 1 1 1 1 1 1 1 1 1 1 1 1 1
staticfield jdk/internal/loader/ClassLoaders JLA Ljdk/internal/misc/JavaLangAccess; java/lang/System$2
staticfield jdk/internal/loader/ClassLoaders BOOT_LOADER Ljdk/internal/loader/ClassLoaders$BootClassLoader; jdk/internal/loader/ClassLoaders$BootClassLoader
staticfield jdk/internal/loader/ClassLoaders PLATFORM_LOADER Ljdk/internal/loader/ClassLoaders$PlatformClassLoader; jdk/internal/loader/ClassLoaders$PlatformClassLoader
staticfield jdk/internal/loader/ClassLoaders APP_LOADER Ljdk/internal/loader/ClassLoaders$AppClassLoader; jdk/internal/loader/ClassLoaders$AppClassLoader
instanceKlass jdk/internal/loader/ClassLoaders$BootClassLoader
instanceKlass jdk/internal/loader/ClassLoaders$PlatformClassLoader
instanceKlass jdk/internal/loader/ClassLoaders$AppClassLoader
ciInstanceKlass jdk/internal/loader/BuiltinClassLoader 1 1 762 10 10 9 9 7 10 9 9 10 10 11 100 100 10 10 8 10 10 7 10 10 11 11 11 7 9 8 8 10 10 9 11 7 10 10 10 10 10 10 10 11 10 100 10 10 10 100 8 10 10 8 10 10 11 11 7 7 10 11 11 10 7 10 10 7 7 10 7 7 10 10 100 10 11 100 100 10 10 100 100 10 10 18 10 10 18 100 10 7 10 10 10 10 10 9 100 10 10 10 10 10 10 10 10 10 10 18 7 10 10 10 10 100 10 7 10 10 10 11 7 10 7 100 10 10 11 10 10 10 10 10 10 10 10 8 10 10 10 100 8 8 10 10 8 8 10 11 9 10 9 9 9 9 9 9 10 8 10 10 10 10 8 7 8 10 10 10 10 7 10 9 8 8 10 7 7 10 11 10 10 10 100 10 10 10 7 10 10 8 10 7 100 1 1 1 1 1 1 1 1 1 1 1 1 1 1 1 1 1 1 1 1 1 1 1 1 1 1 1 1 1 7 7 1 1 1 1 1 1 1 1 1 1 1 7 1 1 1 1 1 1 1 1 1 1 1 1 1 1 1 1 1 1 1 1 1 1 1 1 1 1 1 1 1 1 1 1 1 1 1 100 1 1 1 1 1 1 1 1 1 1 1 1 1 1 1 1 1 1 1 1 1 1 1 100 100 1 1 1 1 1 1 1 1 1 1 1 1 1 7 1 1 1 1 1 1 1 1 1 1 1 1 1 1 1 1 1 1 1 1 1 1 1 1 1 1 7 1 1 1 1 1 1 1 1 1 1 1 1 7 7 1 1 1 1 1 1 1 1 7 7 1 1 1 1 1 1 1 1 1 1 1 1 1 7 1 1 1 1 1 1 1 1 1 1 7 12 12 12 12 1 12 12 12 12 12 12 1 1 12 1 12 12 1 12 12 7 12 12 12 1 12 1 1 12 7 12 12 12 1 12 12 12 7 12 12 12 12 12 7 12 1 7 12 12 1 1 12 1 12 12 12 12 1 1 12 12 1 12 12 1 1 12 1 1 12 7 12 1 12 12 1 1 12 12 1 1 12 12 1 15 16 15 16 12 12 12 15 16 1 7 12 1 12 12 12 12 12 1 12 12 12 12 12 12 12 12 12 15 16 12 1 12 12 12 12 1 12 100 1 1 12 12 12 12 1 12 1 12 12 12 12 12 12 12 12 12 12 12 1 12 12 12 1 1 1 12 1 1 7 12 7 12 7 12 12 12 12 12 12 12 12 12 1 12 12 12 12 1 1 1 12 12 7 12 1 12 7 12 1 1 12 1 1 12 12 12 12 1 12 12 1 12 12 1 12 1 1 1 1 1 1 1 1 1 1 1 1 1 1 1 1 1 1 1 1 1 1 1 1 1 1 1 1 1 1 1 1 1 1 1 1 1 1 1 1 1 1 1 1 1 1 1 1 1 1 1 1 1 1 1 1 1 1 1 1 1 1 1 1 1 1 1 1 1 1 1 1 10 10 1 1 1 1 10 1 1 1 1 1 1 1 1 1 1 1 1 1 10 1 1 1 1 1 1 1 1 1 1 1 1 1 1 1 1 1 1 1 1 1 1 1 1 1 1 1 1 1 1 1 1 1 1 1 1 1 1 1 1 1 1 1 1 1 1 1 1 1 1 1 1 1 1 1 1 1 1 1 1 1 1 1 1 1 1 1 1 1 100 12 12 12 12 1 1 100 1 1 100 1 1
staticfield jdk/internal/loader/BuiltinClassLoader packageToModule Ljava/util/Map; java/util/concurrent/ConcurrentHashMap
staticfield jdk/internal/loader/BuiltinClassLoader $assertionsDisabled Z 1
ciInstanceKlass jdk/internal/loader/ClassLoaders$AppClassLoader 1 1 134 8 10 9 10 10 10 10 10 10 7 8 10 10 10 9 11 10 10 100 10 7 7 1 1 1 100 1 1 1 1 1 1 1 1 1 1 1 1 1 1 1 1 1 1 1 1 1 1 100 1 100 1 1 1 1 1 1 1 1 1 1 1 1 1 1 1 1 1 1 1 1 1 1 1 1 1 1 1 100 1 12 12 7 12 100 12 12 12 12 12 1 1 12 7 12 100 12 12 100 12 12 7 12 1 12 1 1 1 1 1 1 1 1 1 1 1 1 1 1 1 1 1 1 1 1 1 1 1 1 1 1 1 1
ciInstanceKlass jdk/internal/loader/ClassLoaders$PlatformClassLoader 1 1 57 8 10 9 11 10 100 10 100 7 1 100 1 1 1 1 1 1 1 1 1 1 1 1 1 1 1 1 1 1 1 1 1 1 1 100 1 12 12 100 12 7 12 1 12 1 1 1 1 1 1 1 1 1 1 1 1
ciInstanceKlass java/security/CodeSource 1 1 402 10 9 9 9 9 10 9 10 100 10 100 10 7 10 10 10 100 10 10 10 10 10 100 10 10 10 10 10 10 10 10 10 10 10 10 10 8 10 10 10 10 8 10 10 100 10 10 8 10 10 10 8 8 9 100 8 10 10 8 10 8 8 8 10 10 10 10 10 10 100 100 10 10 10 10 10 100 10 10 8 10 10 10 100 10 100 100 8 8 10 10 10 100 10 10 11 10 10 11 10 10 8 100 10 10 100 10 11 11 7 100 1 1 1 5 0 1 1 1 1 1 1 1 1 1 1 1 1 1 1 1 1 1 1 1 1 1 100 1 1 1 1 1 1 1 1 1 1 1 1 1 1 1 1 1 1 1 1 1 1 1 1 1 1 1 1 1 1 1 1 1 1 1 1 1 1 1 1 1 100 1 1 1 1 1 1 1 1 1 1 1 1 1 100 1 1 1 1 1 1 1 1 1 1 1 1 1 1 1 1 1 1 100 100 100 1 1 1 1 1 1 1 1 1 12 12 12 12 12 7 12 12 100 12 100 12 1 12 12 100 1 12 100 12 12 12 1 12 100 100 12 100 12 12 12 12 12 12 1 12 12 12 12 1 12 1 12 1 12 12 12 1 1 12 1 1 12 12 1 12 1 1 1 12 12 12 12 12 12 1 1 12 12 12 12 12 1 12 1 12 12 12 1 12 1 1 1 1 12 100 12 1 12 12 12 12 12 100 1 1 12 12 1 12 12 1 1 1 1 1 1 1 1 1 1 1 1 1 1 1 1 1 1 1 1 1 1 1 1 1 1 1 1 1 1 1 1 1 1 1 1 1 1 1 1 1 1 1 1 1 1 1 1 1 1 1 1 1 1 1 1 1 1 1 1 1 1 1 1 1 1 1 1 1 1 1 1 1 1 1 1
ciInstanceKlass java/lang/StackTraceElement 1 1 224 10 10 9 9 9 9 8 10 100 9 8 9 9 9 8 10 10 100 10 10 8 10 10 8 8 8 10 8 8 10 8 8 7 10 10 10 10 9 10 10 7 10 10 10 10 10 10 10 10 10 7 100 7 1 1 1 1 1 1 1 1 1 1 1 1 1 1 1 1 1 1 1 3 1 3 1 1 5 0 1 1 1 1 1 1 1 1 1 1 1 1 1 1 1 1 1 1 1 1 1 1 1 1 1 1 1 1 1 1 1 1 1 1 1 1 1 1 7 100 7 100 1 1 1 1 1 1 1 1 1 1 1 1 1 100 1 1 1 1 1 1 1 1 1 1 12 12 12 12 12 12 1 100 12 1 12 1 12 12 12 1 12 12 1 12 1 12 12 1 1 1 12 1 1 12 1 1 1 12 12 12 12 12 12 12 1 12 7 12 7 12 12 12 12 12 12 1 1 1 1 1 1 1 1 1 1 1 1 1 1 1 1 1 1 1 1 1 1 1 1 1 1 1
instanceKlass java/nio/IntBuffer
instanceKlass java/nio/CharBuffer
instanceKlass java/nio/LongBuffer
instanceKlass java/nio/ByteBuffer
ciInstanceKlass java/nio/Buffer 1 1 194 100 10 9 9 10 9 10 10 100 100 10 8 10 10 8 8 10 10 8 9 100 8 10 8 8 9 10 8 8 8 10 8 8 8 100 10 100 10 100 10 100 10 7 10 10 9 7 10 10 7 1 1 1 1 1 1 3 1 1 1 1 1 1 1 1 1 1 1 1 1 1 1 1 1 1 1 1 1 1 1 1 1 1 1 1 1 100 1 1 1 1 1 1 1 1 1 1 1 1 1 1 1 1 1 1 1 1 1 1 1 1 1 1 1 1 1 1 1 1 1 1 1 1 1 1 1 1 1 1 1 1 12 12 12 12 12 12 12 1 1 1 12 12 1 1 12 12 1 12 1 1 12 1 1 12 12 1 1 1 12 1 1 1 1 1 1 1 1 7 12 7 12 12 1 7 12 1 1 1 1 1 1 1 1 1 1 1 1 1 1 1 1 1
staticfield java/nio/Buffer UNSAFE Ljdk/internal/misc/Unsafe; jdk/internal/misc/Unsafe
staticfield java/nio/Buffer $assertionsDisabled Z 1
ciInstanceKlass java/lang/StackWalker 0 0 235 9 10 100 10 10 11 10 10 100 10 100 8 10 10 10 10 9 9 9 9 10 9 10 11 100 8 10 10 9 10 10 10 18 100 8 10 10 10 9 11 10 100 100 1 1 1 100 1 1 1 1 1 1 1 1 1 1 1 1 1 1 1 1 1 1 1 1 1 1 1 1 1 1 1 1 1 1 1 1 1 1 1 1 1 1 1 1 1 1 1 100 1 1 1 1 1 1 1 1 1 1 1 1 1 1 1 1 1 1 1 1 1 1 1 1 1 1 1 1 1 1 1 1 1 1 1 1 1 1 12 100 12 1 100 12 12 100 12 12 12 1 12 1 1 12 12 12 12 12 12 12 12 12 12 100 12 12 1 1 12 12 12 100 12 100 12 1 15 16 15 16 12 1 1 12 100 12 12 100 12 12 1 1 1 1 1 1 1 1 1 1 1 1 1 1 1 1 1 1 1 1 1 1 1 1 1 1 1 1 10 10 1 1 1 1 1 1 1 1 1 1 1 1 100 12 12 1 1 100 1 1 100 1 1
ciInstanceKlass java/lang/StackStreamFactory$AbstractStackWalker 1 0 306 100 100 3 10 10 10 9 10 9 9 9 9 9 10 10 9 10 10 9 9 100 10 8 10 10 8 10 10 100 8 10 8 10 9 10 9 8 5 0 8 8 9 10 10 10 9 10 10 10 10 10 10 8 10 10 10 10 8 100 10 10 10 10 10 10 9 8 10 10 10 10 10 10 10 10 10 10 8 100 1 1 1 1 1 1 1 1 1 1 100 1 1 1 1 1 1 1 1 1 1 1 1 1 1 1 1 1 1 1 1 1 1 1 1 1 1 1 1 1 1 1 1 1 100 1 1 1 1 1 1 100 1 1 1 1 1 1 1 100 1 1 1 1 1 1 1 1 1 1 1 1 1 1 1 1 1 1 1 1 1 1 1 1 1 12 12 100 12 12 12 12 12 12 12 100 12 100 12 12 12 12 12 12 100 12 1 1 12 12 1 12 100 12 1 1 12 1 12 100 12 12 12 1 1 1 12 12 12 12 12 12 12 12 12 12 12 1 12 12 12 12 1 1 12 12 12 12 12 100 12 12 1 12 12 12 12 12 12 12 12 12 12 1 1 1 1 1 1 1 1 1 1 1 1 1 1 1 1 1 1 1 1 1 1 1 1 1 1 1 1 1 1 1 1 1 1 1 1 1 1 1 1 1 1 1 1 1 1 1 1 1 1 1 1 1 1 1 1 1 1 1 1 1 1 1
instanceKlass java/lang/LiveStackFrameInfo
ciInstanceKlass java/lang/StackFrameInfo 0 0 140 10 9 9 100 9 9 9 11 9 11 10 10 10 11 11 11 10 10 10 10 11 10 9 10 100 8 10 10 100 100 1 1 1 3 1 1 1 1 1 1 1 1 1 1 1 1 1 1 1 1 1 1 1 100 1 1 1 1 1 1 1 1 1 1 1 1 1 1 1 1 1 1 1 1 1 100 100 1 1 1 1 1 12 12 12 1 12 12 12 100 12 12 12 12 100 12 12 12 12 12 12 12 12 12 12 12 12 12 1 1 12 100 12 1 1 1 1 1 1 1 1 1 1 1 1 1 1 1 1 1 1 1 1 1 1 1 1 1 1
ciInstanceKlass java/lang/LiveStackFrameInfo 0 0 97 10 9 9 9 9 9 100 10 10 8 10 100 8 8 8 10 100 10 100 10 100 100 100 1 1 1 1 1 1 1 1 3 1 3 1 1 1 1 1 1 1 1 1 1 1 1 1 1 1 1 1 1 1 1 1 1 1 100 1 1 1 1 1 1 1 1 1 1 12 12 12 12 12 12 1 12 12 1 12 1 1 1 1 1 12 1 12 1 1 1 1 1 1 1 1 1
instanceKlass java/util/concurrent/locks/AbstractQueuedSynchronizer
ciInstanceKlass java/util/concurrent/locks/AbstractOwnableSynchronizer 1 1 32 10 9 7 7 100 1 1 1 5 0 1 1 1 1 1 1 1 1 1 1 1 1 1 1 1 1 12 12 1 1 1
ciInstanceKlass java/lang/Boolean 1 1 128 10 9 10 10 8 10 9 9 8 10 7 10 10 100 100 10 10 8 10 9 7 100 100 1 1 1 1 1 1 1 1 1 1 1 1 5 0 1 1 1 1 1 1 1 1 1 1 1 1 1 1 1 1 1 1 1 1 1 1 1 1 1 1 7 1 1 1 1 1 1 1 1 1 1 1 100 1 1 1 1 1 1 1 1 1 1 1 1 1 1 1 1 1 12 12 12 12 1 12 12 12 1 12 1 12 7 12 1 1 12 12 1 7 12 12 1 1 1 1 1 1 1 1 1 1 1 1
staticfield java/lang/Boolean TRUE Ljava/lang/Boolean; java/lang/Boolean
staticfield java/lang/Boolean FALSE Ljava/lang/Boolean; java/lang/Boolean
staticfield java/lang/Boolean TYPE Ljava/lang/Class; java/lang/Class
ciInstanceKlass java/lang/Character 1 1 551 7 100 10 9 9 10 10 10 10 10 10 3 3 3 3 3 10 10 3 11 11 10 10 100 10 10 3 10 10 10 100 8 100 10 10 10 10 10 10 10 10 10 10 10 10 10 10 10 10 10 10 10 10 10 10 10 10 10 10 10 10 10 10 10 10 10 10 10 10 10 10 10 10 10 10 5 0 10 10 10 10 10 10 10 10 10 10 9 100 10 10 10 3 10 10 10 100 10 10 10 10 8 10 9 10 10 10 10 10 10 10 10 10 100 8 10 10 8 10 9 100 100 100 1 1 100 1 100 1 100 1 1 1 1 3 1 3 1 1 3 1 3 1 1 1 1 1 1 1 3 1 1 3 1 3 1 3 1 3 1 3 1 3 1 3 1 3 1 3 1 3 1 3 1 3 1 3 1 3 1 3 1 3 1 3 1 3 1 3 1 3 1 3 1 3 1 3 1 3 1 3 1 3 1 3 1 3 1 1 1 1 1 1 1 1 1 1 1 1 1 1 1 1 1 1 1 3 1 1 1 1 1 1 1 3 1 1 3 1 1 1 1 1 3 1 1 1 5 0 1 1 1 1 1 1 1 1 1 1 1 1 1 1 1 1 1 1 1 1 1 1 1 1 1 1 1 1 1 1 1 1 1 1 1 1 1 1 1 1 1 1 1 1 1 1 1 1 1 1 1 1 1 1 1 1 1 1 1 1 1 1 1 1 1 1 1 1 1 1 1 1 1 1 1 1 1 1 1 1 1 1 1 1 1 1 1 1 1 1 1 1 1 1 1 1 1 1 1 1 1 1 1 1 1 1 1 1 1 1 1 1 1 1 1 1 1 1 1 1 1 1 1 1 1 1 1 1 1 1 1 1 1 1 1 1 1 1 1 1 1 1 1 1 1 1 7 1 1 1 1 1 1 1 1 1 1 1 1 1 12 12 12 12 12 12 12 12 12 12 12 7 12 12 12 12 1 12 12 12 12 1 1 1 100 12 12 12 12 12 12 12 12 12 7 12 12 12 12 12 12 12 12 12 12 12 12 12 12 12 12 12 12 12 12 12 12 12 12 12 12 12 12 12 12 1 12 12 100 12 12 12 1 12 12 12 1 12 100 12 12 12 12 12 12 12 1 1 12 7 12 1 12 12 1 1 1 1 1 1 1 1 1 1 1 1 1 1 1 1 1 1 1 1 1 1 1 1 1 1 1 1 1 1 1 1 1 1 1 1 1 1 1 1 1 1 1 1 1 1 1
staticfield java/lang/Character TYPE Ljava/lang/Class; java/lang/Class
staticfield java/lang/Character $assertionsDisabled Z 1
instanceKlass java/math/BigInteger
instanceKlass java/util/concurrent/atomic/AtomicLong
instanceKlass java/util/concurrent/atomic/AtomicInteger
instanceKlass java/lang/Long
instanceKlass java/lang/Integer
instanceKlass java/lang/Short
instanceKlass java/lang/Byte
instanceKlass java/lang/Double
instanceKlass java/lang/Float
ciInstanceKlass java/lang/Number 1 1 37 10 10 100 7 100 1 1 1 5 0 1 1 1 1 1 1 1 1 1 1 1 1 1 1 1 1 1 1 1 1 1 12 12 1 1 1
ciInstanceKlass java/lang/Float 1 1 192 7 100 10 10 4 100 10 10 8 8 10 10 10 10 4 4 4 10 9 10 10 10 10 10 10 3 10 10 10 10 8 10 9 7 100 1 1 1 1 1 4 1 1 1 4 1 1 3 1 3 1 3 1 3 1 1 1 1 1 1 1 5 0 1 1 1 1 1 1 1 1 1 1 1 1 1 100 1 1 1 1 1 1 1 1 1 1 1 1 1 1 1 1 1 1 1 1 1 1 1 1 1 1 1 1 1 1 1 1 1 1 1 1 1 1 1 1 1 1 1 1 1 1 1 1 1 1 1 1 1 1 1 1 1 1 1 1 1 1 1 1 1 1 1 1 100 12 100 12 1 12 12 1 1 100 12 12 12 12 12 12 12 12 12 12 12 12 12 12 12 1 7 12 12 1 1 1 1 1 1 1 1 1 1 1 1 1 1 1 1 1
staticfield java/lang/Float TYPE Ljava/lang/Class; java/lang/Class
ciInstanceKlass java/lang/Double 1 1 254 7 100 10 10 10 100 10 10 6 0 8 10 8 10 8 6 0 10 100 5 0 5 0 8 8 10 10 8 10 8 8 8 10 10 10 10 10 10 10 10 6 0 6 0 6 0 10 9 10 10 10 10 5 0 10 10 10 10 8 10 9 7 100 1 1 1 1 1 6 0 1 1 1 6 0 1 1 3 1 3 1 3 1 3 1 1 1 1 1 1 1 5 0 1 1 1 1 1 1 1 1 1 1 1 1 1 1 1 100 1 1 1 1 100 1 1 1 1 1 1 1 1 1 1 1 1 1 1 1 1 1 1 1 1 1 1 1 1 1 1 1 1 1 1 1 1 1 1 1 1 1 1 1 1 1 1 1 1 1 1 1 1 1 1 1 1 1 1 1 1 1 1 1 1 1 1 1 1 1 1 1 1 100 12 12 12 1 12 100 12 1 12 1 12 1 12 1 1 1 100 12 12 1 12 1 1 1 12 12 12 12 12 12 12 12 12 12 12 12 12 12 12 12 12 1 7 12 12 1 1 1 1 1 1 1 1 1 1 1 1 1 1 1 1 1 1 1 1 1 1 1 1 1
staticfield java/lang/Double TYPE Ljava/lang/Class; java/lang/Class
ciInstanceKlass java/lang/Byte 1 1 178 7 10 9 10 100 100 10 8 10 8 10 10 10 10 10 10 10 10 8 8 10 9 10 10 10 10 10 5 0 10 8 10 9 7 100 7 1 1 1 1 1 3 1 3 1 1 1 1 1 1 1 3 1 3 1 1 5 0 1 1 1 1 1 1 1 1 1 1 1 1 1 1 1 1 1 1 1 1 1 1 1 1 1 1 1 1 1 1 1 1 1 1 1 1 1 1 1 1 1 1 1 1 1 1 1 1 1 1 1 1 1 1 1 1 1 1 1 1 1 1 1 1 1 1 1 1 1 1 1 100 12 12 12 1 1 12 1 12 1 12 12 12 12 12 12 12 12 1 1 12 12 12 12 12 12 12 1 7 12 12 1 1 1 1 1 1 1 1 1 1 1 1 1 1 1 1 1
staticfield java/lang/Byte TYPE Ljava/lang/Class; java/lang/Class
ciInstanceKlass java/lang/Short 1 1 186 7 100 10 10 100 100 10 8 10 8 10 10 10 10 10 10 9 10 10 10 8 8 10 9 10 10 10 10 10 3 3 5 0 10 8 10 9 100 100 100 1 1 1 1 1 3 1 3 1 1 1 1 1 1 1 3 1 3 1 1 5 0 1 1 1 1 1 1 1 1 1 1 1 1 1 1 1 1 1 1 1 1 1 1 1 1 1 1 1 1 1 1 1 1 1 1 1 1 1 1 1 1 1 1 1 1 1 1 1 1 1 1 1 1 1 1 1 1 1 1 1 1 1 1 1 1 1 1 1 1 1 1 1 1 1 1 100 12 12 1 1 12 1 12 1 12 12 12 12 12 12 12 12 12 12 1 1 12 12 12 12 12 12 12 1 7 12 12 1 1 1 1 1 1 1 1 1 1 1 1 1 1 1 1 1
staticfield java/lang/Short TYPE Ljava/lang/Class; java/lang/Class
ciInstanceKlass java/lang/Integer 1 1 413 7 100 7 7 10 9 9 10 10 10 10 10 10 10 10 10 10 10 10 10 10 10 10 9 9 100 8 10 100 10 8 10 10 8 10 8 10 3 10 3 10 10 10 7 11 100 10 11 10 8 10 8 100 10 10 5 0 8 10 10 10 10 7 9 9 10 10 9 10 10 10 10 100 100 10 8 8 10 8 8 8 8 8 8 10 10 10 5 0 3 3 3 3 10 3 10 10 8 10 9 3 3 3 3 3 3 9 7 100 1 1 1 1 1 1 1 1 1 1 1 1 1 1 1 1 1 1 1 3 1 3 1 1 5 0 1 1 1 1 1 1 1 1 1 1 1 1 100 1 1 1 1 1 1 1 1 1 1 1 1 1 1 1 1 1 1 1 1 1 1 1 1 1 1 1 1 1 1 1 1 1 1 1 1 1 1 1 1 1 1 1 1 1 1 1 1 1 1 1 1 1 1 1 1 1 1 1 1 1 1 1 1 1 1 1 1 1 1 1 1 1 1 1 1 1 1 1 1 1 1 1 1 1 100 1 1 1 1 1 1 1 1 1 1 1 1 1 1 1 1 1 1 1 1 1 1 1 1 1 1 1 1 1 1 1 1 1 1 1 1 1 1 1 1 1 1 1 1 1 12 12 12 100 12 12 100 12 12 100 12 12 12 7 12 12 12 12 12 12 12 12 12 1 1 12 1 12 1 12 12 1 12 1 12 12 12 12 7 12 1 1 12 1 12 1 1 12 12 1 12 12 12 12 1 12 12 12 12 12 12 12 100 12 1 1 12 1 1 12 1 1 1 1 1 1 12 12 12 12 12 12 1 7 12 12 12 1 1 1 1 1 1 1 1 1 1 1 1 1 1 1 1 1 1 1 1 1 1 1 1 1 1 1 1 1 1 1 1 1 1 1 1 1 1 1 1 1 1 1 1 1 1
staticfield java/lang/Integer TYPE Ljava/lang/Class; java/lang/Class
staticfield java/lang/Integer digits [C 36
staticfield java/lang/Integer DigitTens [B 100
staticfield java/lang/Integer DigitOnes [B 100
staticfield java/lang/Integer sizeTable [I 10
ciInstanceKlass java/lang/Long 1 1 478 7 100 7 100 10 9 9 10 10 10 10 10 10 10 10 5 0 5 0 100 10 10 10 10 10 10 10 10 10 10 10 10 10 10 10 10 10 10 10 10 7 5 0 5 0 9 9 5 0 100 8 10 8 10 8 8 10 5 0 10 5 0 10 10 10 100 11 100 10 11 10 8 10 8 100 10 10 8 8 11 10 10 10 5 0 5 0 9 10 8 8 10 8 8 8 8 8 8 10 10 10 10 9 10 10 10 100 100 10 10 10 10 10 10 10 5 0 5 0 5 0 10 5 0 5 0 10 10 10 8 10 9 100 100 100 1 1 1 1 1 1 5 0 1 1 1 1 1 1 1 3 1 3 1 5 0 1 1 1 1 1 1 1 1 1 1 1 1 1 100 1 1 1 1 1 1 1 1 1 1 1 1 1 1 1 1 1 1 1 1 1 1 1 1 1 1 1 1 1 1 1 1 1 1 1 1 1 1 1 1 1 1 1 1 1 1 1 1 1 1 1 1 1 1 1 1 1 1 1 1 1 1 1 1 1 1 1 1 1 1 1 1 1 1 1 1 1 1 1 1 1 1 1 1 1 1 1 1 1 1 1 1 1 1 1 1 1 1 1 1 1 1 1 1 100 1 1 1 1 1 1 1 1 1 1 1 1 1 1 1 1 1 1 1 1 1 1 1 1 1 1 1 1 1 1 1 1 1 1 1 1 1 1 1 1 1 1 12 12 12 100 12 12 100 12 12 12 12 12 1 12 12 12 12 12 12 100 12 12 12 12 12 12 7 12 12 12 12 12 12 12 1 12 12 1 1 12 1 12 1 1 12 12 12 12 100 12 1 1 12 1 12 1 1 12 12 1 1 12 12 12 12 12 12 1 1 12 1 1 1 1 1 1 12 12 12 12 12 12 100 12 1 1 12 12 12 12 12 12 12 12 12 12 1 7 12 12 1 1 1 1 1 1 1 1 1 1 1 1 1 1 1 1 1 1 1 1 1 1 1 1 1 1 1 1 1 1 1 1 1 1 1 1 1 1 1 1 1 1 1 1 1 1 1 1 1 1 1 1 1 1 1 1 1 1 1 1
staticfield java/lang/Long TYPE Ljava/lang/Class; java/lang/Class
ciInstanceKlass java/lang/NullPointerException 1 1 26 10 10 100 7 1 1 1 5 0 1 1 1 1 1 1 1 1 1 1 1 1 12 12 1 1
ciInstanceKlass java/lang/ArithmeticException 1 1 26 10 10 100 100 1 1 1 5 0 1 1 1 1 1 1 1 1 1 1 1 1 12 12 1 1
ciInstanceKlass java/lang/Math 1 1 381 10 10 10 10 10 10 10 7 6 0 6 0 10 10 10 10 10 10 10 10 10 10 10 10 100 3 3 3 10 100 5 0 5 0 5 0 5 0 5 0 9 10 100 8 10 8 10 10 100 5 0 5 0 100 3 5 0 3 5 0 10 10 10 9 9 10 7 6 0 10 9 100 10 10 100 10 10 10 10 10 10 6 0 10 10 10 10 7 4 10 10 10 10 10 10 10 10 10 10 10 5 0 6 0 4 6 0 4 6 0 4 10 9 10 9 10 4 6 0 100 100 1 1 1 1 1 6 0 1 6 0 1 1 1 1 1 1 1 1 1 1 1 1 1 1 1 1 1 1 1 1 1 1 1 1 1 1 1 1 1 1 1 1 1 1 1 1 1 1 1 1 1 1 1 1 1 1 1 1 1 1 1 1 1 1 1 1 1 1 1 1 1 1 1 1 1 1 1 1 1 1 1 1 1 1 1 1 1 1 1 1 1 1 1 1 1 1 1 1 1 1 1 1 1 1 1 1 1 1 1 1 1 1 1 1 1 1 1 1 1 1 1 1 1 1 1 1 1 1 1 1 1 1 1 1 1 1 1 1 1 1 1 1 1 1 1 1 1 1 1 1 1 1 1 1 1 1 1 1 12 7 12 12 12 12 12 12 1 12 12 12 12 12 12 12 12 12 12 12 12 1 12 1 12 100 12 1 1 12 1 12 12 1 1 12 12 12 12 12 12 1 12 12 1 12 1 12 12 12 12 12 12 12 12 12 12 1 12 12 12 12 12 12 12 12 12 12 12 12 12 12 12 7 12 1 1 1 1 1 1 1 1 1 1 1 1 1 1 1 1 1 1 1 1 1 1 1 1 1 1
staticfield java/lang/Math negativeZeroFloatBits J -2147483648
staticfield java/lang/Math negativeZeroDoubleBits J -9223372036854775808
staticfield java/lang/Math $assertionsDisabled Z 1
ciInstanceKlass java/io/BufferedInputStream 1 1 158 9 100 8 10 9 9 10 10 9 100 8 10 10 9 10 9 9 100 8 10 9 9 10 9 10 10 10 100 10 10 10 10 100 3 8 10 3 10 7 8 10 7 1 1 1 1 1 1 1 1 1 1 1 1 1 1 1 1 1 1 1 1 1 1 1 7 1 1 1 1 100 1 1 1 1 1 1 1 1 1 1 1 1 1 1 1 1 1 1 1 1 1 1 1 1 1 1 1 1 1 1 1 1 1 1 1 12 1 1 12 12 12 12 12 12 1 1 12 12 7 12 12 12 1 1 12 12 7 12 12 12 12 12 1 12 12 12 12 1 1 12 12 1 12 1 1 1 1 1 1 1 1 1 1 1 1 1
staticfield java/io/BufferedInputStream U Ljdk/internal/misc/Unsafe; jdk/internal/misc/Unsafe
staticfield java/io/BufferedInputStream BUF_OFFSET J 32
ciInstanceKlass java/nio/charset/CodingErrorAction 1 1 38 10 9 7 8 10 9 8 9 8 9 7 1 1 1 1 1 1 1 1 1 1 1 1 1 1 1 1 1 1 12 12 1 12 12 12 12 1
staticfield java/nio/charset/CodingErrorAction IGNORE Ljava/nio/charset/CodingErrorAction; java/nio/charset/CodingErrorAction
staticfield java/nio/charset/CodingErrorAction REPLACE Ljava/nio/charset/CodingErrorAction; java/nio/charset/CodingErrorAction
staticfield java/nio/charset/CodingErrorAction REPORT Ljava/nio/charset/CodingErrorAction; java/nio/charset/CodingErrorAction
instanceKlass java/nio/MappedByteBuffer
instanceKlass java/nio/HeapByteBuffer
ciInstanceKlass java/nio/ByteBuffer 1 1 364 10 9 10 9 9 9 9 10 7 10 10 7 10 10 100 100 10 10 10 10 100 10 10 10 10 10 100 10 100 10 10 10 9 100 10 10 10 10 10 10 10 10 100 10 10 10 10 8 10 10 8 10 8 10 8 10 10 7 10 10 10 10 9 100 10 8 10 10 10 10 8 10 8 10 9 10 10 10 10 10 10 10 10 10 10 10 10 10 7 100 1 1 1 1 1 1 1 1 1 1 1 1 1 1 1 1 1 1 1 1 100 1 1 1 1 1 1 1 1 1 1 1 1 1 1 1 1 1 1 1 1 1 1 1 1 1 1 1 1 1 1 1 1 1 1 1 1 1 1 1 1 1 1 1 1 1 1 1 1 1 1 1 1 1 1 1 1 1 1 1 1 1 1 1 1 1 1 1 7 1 1 1 1 1 1 1 1 1 1 1 1 1 1 1 1 1 1 1 1 1 1 1 1 1 1 1 1 1 1 1 1 1 1 1 1 1 1 1 1 1 1 1 1 1 1 1 1 1 1 1 1 1 1 1 1 1 1 1 1 1 1 1 1 1 12 12 12 12 12 12 12 12 1 12 12 1 12 12 1 1 12 12 12 12 1 12 12 12 12 1 1 12 12 12 1 12 12 12 12 12 12 12 1 100 12 100 12 12 1 12 12 1 12 1 12 1 12 12 1 100 12 100 12 12 100 12 1 1 12 12 12 1 12 1 12 12 12 12 12 12 12 12 12 12 12 12 12 12 1 1 1 1 1 1 1 1 1 1 1 1 1 1 1 1 1 1 1 1 1 1 1 1 1 1 1 1 1 1 1 1 1 1 1
ciInstanceKlass java/nio/HeapByteBuffer 1 1 345 10 9 9 9 7 9 10 10 9 10 9 100 10 10 10 10 100 10 10 10 10 10 100 10 10 10 10 100 10 10 10 10 10 10 10 10 9 10 10 9 10 10 10 10 100 10 100 10 10 10 100 10 100 10 10 10 100 10 100 10 10 10 100 10 100 10 10 10 100 10 100 10 10 10 100 10 100 10 10 10 10 7 10 10 7 1 1 1 1 1 1 1 1 1 1 1 1 1 1 1 1 1 1 1 1 1 1 1 1 1 1 1 1 1 1 1 1 1 1 1 1 1 1 1 1 1 1 1 1 1 1 1 1 1 1 1 1 1 1 1 1 1 1 1 1 1 1 1 1 1 1 1 1 1 1 1 100 1 1 1 1 1 1 1 1 1 100 1 1 1 1 1 1 100 1 1 1 1 1 1 1 1 100 1 1 1 1 1 1 1 1 1 1 100 1 1 1 1 1 1 1 1 1 100 1 1 1 1 1 12 12 12 12 1 12 12 12 12 12 12 1 12 12 12 12 1 12 12 12 12 1 7 12 12 12 1 12 12 12 12 12 12 12 12 12 12 7 12 12 12 12 1 12 1 12 12 1 1 12 12 1 1 12 12 1 1 100 12 12 1 1 100 12 12 1 1 12 12 7 12 12 12 1 1 1 1 1 1 1 1 1 1 1 1 1 1 1 1 1 1 1 1 1 1 1 1 1 1 1 1 1 1 1 1 1 1 1 1 1 1 1 1 1 1 1 1 1 1 1 1 1 1 1 1 1 1 1 1 1 1 1 1 1 1
staticfield java/nio/HeapByteBuffer ARRAY_BASE_OFFSET J 16
staticfield java/nio/HeapByteBuffer ARRAY_INDEX_SCALE J 1
staticfield java/nio/HeapByteBuffer $assertionsDisabled Z 1
instanceKlass java/nio/charset/UnsupportedCharsetException
instanceKlass java/lang/NumberFormatException
instanceKlass org/apache/maven/cli/MavenCli$IllegalUseOfUndefinedProperty
ciInstanceKlass java/lang/IllegalArgumentException 1 1 35 10 10 10 10 100 7 1 1 1 5 0 1 1 1 1 1 1 1 1 1 1 1 1 1 1 1 1 1 12 12 12 12 1 1
instanceKlass sun/nio/cs/UTF_8$Decoder
instanceKlass sun/nio/cs/SingleByte$Decoder
ciInstanceKlass java/nio/charset/CharsetDecoder 1 1 291 10 9 9 9 7 9 9 100 8 10 8 8 9 9 9 10 8 10 8 10 8 8 10 8 10 10 10 10 100 100 10 100 10 10 10 10 10 10 10 9 100 10 10 9 10 9 10 9 10 10 10 10 10 9 10 10 10 10 10 10 10 10 10 100 10 100 100 10 8 10 9 8 10 10 10 7 8 8 8 8 7 1 1 1 1 1 1 1 1 1 1 1 1 1 3 1 3 1 3 1 3 1 1 1 1 1 1 1 1 1 1 1 1 1 1 100 1 1 1 1 1 1 1 1 1 1 1 1 1 1 1 1 1 1 1 1 1 1 1 1 1 1 1 1 1 1 1 1 7 7 1 1 1 1 1 1 1 1 1 1 1 1 100 1 100 1 1 1 1 1 1 1 1 1 1 1 12 12 12 12 1 12 12 1 1 12 1 1 12 12 12 12 1 12 1 12 1 1 12 1 12 12 12 12 1 1 12 1 12 12 100 12 12 12 12 12 12 1 12 12 12 12 12 12 12 12 12 12 12 12 12 12 12 12 12 12 12 1 1 1 1 12 12 1 7 12 1 1 1 1 1 1 1 1 1 1 1 1 1 1 1 1 1 1 1 1 1 1 1 1 1 1 1 1 1 1 1 1 1 1 1 1 1 1 1 1 1 1 1 1
staticfield java/nio/charset/CharsetDecoder $assertionsDisabled Z 1
instanceKlass java/io/ObjectStreamException
instanceKlass java/io/EOFException
instanceKlass org/codehaus/plexus/util/xml/XmlReaderException
instanceKlass java/nio/file/FileSystemException
instanceKlass java/io/UnsupportedEncodingException
instanceKlass java/io/FileNotFoundException
instanceKlass java/net/MalformedURLException
ciInstanceKlass java/io/IOException 1 1 34 10 10 10 10 100 7 1 1 1 5 0 1 1 1 1 1 1 1 1 1 1 1 1 1 1 1 1 12 12 12 12 1 1
ciInstanceKlass java/nio/channels/ReadableByteChannel 1 0 14 100 100 100 1 1 1 100 1 1 1 1 1 1
instanceKlass sun/nio/ch/FileChannelImpl
ciInstanceKlass java/nio/channels/FileChannel 1 1 132 10 11 10 10 10 100 10 10 9 10 10 10 100 5 0 10 10 10 10 7 7 7 100 100 100 100 1 1 1 1 1 1 1 1 1 1 1 1 1 1 1 1 1 1 1 1 1 1 1 1 1 100 1 1 1 1 1 1 100 1 1 1 1 1 1 1 1 1 1 1 1 1 1 1 1 1 1 1 1 1 1 1 1 1 1 1 1 1 1 1 12 100 12 100 12 100 12 100 12 1 12 12 12 12 12 1 12 12 12 12 1 1 1 1 1 1 1 1 1 1 1 1 1 1 1 1 1 1 1 1 1
staticfield java/nio/channels/FileChannel NO_ATTRIBUTES [Ljava/nio/file/attribute/FileAttribute; 0 [Ljava/nio/file/attribute/FileAttribute;
instanceKlass java/io/FilterReader
instanceKlass java/io/StringReader
instanceKlass org/codehaus/plexus/util/xml/XmlReader
instanceKlass sun/nio/cs/StreamDecoder
instanceKlass java/io/BufferedReader
instanceKlass java/io/InputStreamReader
ciInstanceKlass java/io/Reader 1 1 127 100 10 10 9 9 100 10 10 10 10 100 8 10 7 5 0 10 100 8 10 8 8 10 10 7 100 100 1 1 1 1 3 1 1 1 1 1 1 1 1 1 1 1 1 1 1 1 1 1 1 1 1 1 1 1 100 1 1 1 1 1 1 1 1 1 1 1 100 1 1 1 1 1 1 1 1 1 1 1 1 1 1 1 1 1 1 1 12 12 12 1 100 12 12 12 1 1 12 1 100 12 1 1 1 100 12 100 12 1 1 1 1 1 1 1 1 1 1 1 1 1 1 1 1 1 1
ciInstanceKlass sun/nio/cs/StreamDecoder 1 1 336 9 100 8 10 10 10 10 7 10 10 100 100 10 10 10 10 10 10 9 9 9 10 9 100 10 10 100 10 10 10 10 9 10 100 10 9 10 10 10 10 9 9 9 9 10 9 10 10 10 11 10 10 10 10 10 10 8 100 10 8 10 10 8 10 10 10 10 10 10 10 10 10 10 10 10 10 10 10 10 100 11 10 100 11 10 10 7 1 1 1 3 1 3 1 1 1 1 1 1 1 1 1 1 1 1 1 1 1 1 1 1 1 1 1 1 1 1 1 1 1 1 1 1 1 1 1 100 1 1 1 1 1 1 1 1 1 1 1 1 1 1 100 100 100 1 1 1 1 1 1 1 1 1 1 1 1 1 1 1 1 1 1 1 7 7 1 1 100 1 1 1 1 1 1 1 1 1 1 7 7 1 1 1 1 1 1 1 1 12 1 1 12 7 12 12 12 1 12 12 1 1 12 12 12 12 12 12 12 12 12 12 1 12 12 1 12 12 12 12 12 100 12 1 12 7 12 12 12 12 12 12 12 12 12 7 12 12 12 12 12 12 12 12 12 12 1 1 1 12 12 1 12 12 12 12 12 12 12 12 12 12 12 12 12 1 12 12 1 12 7 12 1 1 1 1 1 1 1 1 1 1 1 1 1 1 1 1 1 1 1 1 1 1 1 1 1 1 1 1 1 1 1 1 1 1 1 1 1 1 1 1 1 1 1 1 1 1 1 1 1 1 1 1 1 1 1 1 1 1 1 1 1 1 1 1
staticfield sun/nio/cs/StreamDecoder $assertionsDisabled Z 1
ciInstanceKlass sun/nio/cs/UTF_8$Decoder 1 1 222 10 10 10 10 9 100 10 10 10 10 10 9 9 10 10 10 10 10 10 10 10 10 10 10 10 10 10 10 3 10 10 10 3 10 10 10 10 10 10 10 10 10 10 10 10 10 10 7 10 7 7 1 1 1 1 1 1 1 1 1 1 1 1 1 1 1 1 1 1 1 1 1 1 1 1 1 1 1 1 1 1 1 1 1 1 1 1 1 1 1 1 1 1 1 1 1 1 1 1 1 1 1 1 1 7 1 1 1 1 1 1 1 1 1 1 1 1 1 7 7 100 100 1 1 1 1 1 1 1 1 1 1 1 1 12 12 12 12 12 1 12 12 12 12 12 12 12 100 12 12 12 12 12 12 7 12 12 12 12 12 12 100 12 12 12 12 12 12 12 12 12 12 12 12 12 12 12 1 7 12 1 1 1 1 1 1 1 1 1 1 1 1 1 1 1 1 1 1 1 1 1 1 1 1 1 1 1 1 1 1 1 1 1 1 1 1 1 1 1 1 1
staticfield sun/nio/cs/UTF_8$Decoder $assertionsDisabled Z 1
instanceKlass java/nio/HeapCharBuffer
ciInstanceKlass java/nio/CharBuffer 1 1 335 10 9 9 10 10 7 10 10 100 100 10 10 10 10 10 10 10 10 100 10 11 10 10 100 10 10 10 10 10 100 10 100 10 10 10 10 10 10 9 100 10 10 10 10 10 10 10 10 10 7 10 10 10 10 10 8 10 11 11 18 7 10 10 10 10 10 10 10 10 10 10 10 10 10 10 10 100 10 100 100 100 100 1 1 1 1 1 1 1 1 1 1 1 1 1 1 1 1 1 1 1 1 1 1 1 1 1 1 1 1 1 1 1 1 1 1 1 1 1 1 100 1 100 1 1 1 1 1 1 1 1 1 1 1 1 1 1 1 1 1 1 1 1 1 1 1 1 1 1 1 1 1 1 1 1 1 1 1 1 1 1 1 1 1 1 1 1 1 1 1 1 1 1 1 1 1 1 1 1 1 1 1 1 1 1 1 1 1 1 1 1 1 1 1 1 1 1 1 1 100 1 1 1 1 1 1 1 12 12 12 12 12 1 12 12 1 1 12 12 12 100 12 12 12 12 12 1 12 12 12 12 1 12 12 12 12 1 1 12 12 100 12 12 12 1 12 12 12 12 12 12 12 12 1 100 12 12 100 12 12 1 12 12 12 1 15 16 15 16 12 1 100 12 12 12 12 12 12 12 12 12 12 12 12 12 12 12 1 12 1 1 1 1 1 1 100 1 1 1 1 1 1 1 1 1 1 1 1 1 1 1 1 1 1 1 10 10 1 1 1 1 1 1 100 12 12 1 1 100 1 1 100 1 1
ciInstanceKlass java/nio/HeapCharBuffer 1 1 193 10 9 9 9 7 9 10 10 9 10 10 10 10 100 10 10 10 10 10 100 10 10 10 10 100 10 10 10 10 10 10 10 10 100 10 100 100 10 10 10 10 10 10 10 9 7 10 10 7 1 1 1 1 1 1 1 1 1 1 1 1 1 1 1 1 1 1 1 1 1 1 1 1 1 1 1 1 1 1 1 1 1 1 1 1 1 1 1 1 1 1 1 1 1 1 1 1 1 1 1 1 1 1 1 1 1 1 1 1 1 1 1 1 1 1 1 12 12 12 12 1 12 12 12 12 12 12 12 12 1 12 12 12 12 1 12 100 12 12 12 1 12 12 12 12 12 12 1 12 1 1 12 100 12 12 12 12 12 12 7 12 12 1 1 1 1 1 1 1 1 1 1 1 1 1 1 1 1 1 1 1 1 1 1 1 1 1 1 1 1 1 1
staticfield java/nio/HeapCharBuffer ARRAY_BASE_OFFSET J 16
staticfield java/nio/HeapCharBuffer ARRAY_INDEX_SCALE J 2
ciInstanceKlass java/nio/charset/CoderResult 1 1 198 10 9 9 9 10 100 10 10 8 10 8 10 7 100 10 100 8 10 9 9 9 10 18 11 9 9 18 100 10 100 10 100 10 100 10 9 100 10 10 10 10 7 8 8 8 8 9 9 7 100 1 1 1 1 1 3 1 3 1 3 1 1 3 1 1 1 1 1 1 1 1 1 1 1 1 1 1 1 1 1 1 1 1 1 1 1 1 1 1 1 1 1 1 1 1 1 1 1 1 100 1 1 1 1 1 1 1 1 1 12 12 12 12 12 1 12 1 12 1 12 1 1 1 1 12 12 12 12 100 12 1 15 16 15 16 12 100 12 12 12 15 1 1 1 12 1 12 1 12 12 7 12 1 1 1 12 12 1 1 1 1 1 1 1 1 1 1 1 1 1 1 10 1 10 1 1 1 1 1 1 10 1 1 1 1 100 12 12 12 1 1 100 1 1 100 1 1
staticfield java/nio/charset/CoderResult names [Ljava/lang/String; 4 [Ljava/lang/String;
staticfield java/nio/charset/CoderResult UNDERFLOW Ljava/nio/charset/CoderResult; java/nio/charset/CoderResult
staticfield java/nio/charset/CoderResult OVERFLOW Ljava/nio/charset/CoderResult; java/nio/charset/CoderResult
staticfield java/nio/charset/CoderResult malformed4 [Ljava/nio/charset/CoderResult; 4 [Ljava/nio/charset/CoderResult;
staticfield java/nio/charset/CoderResult unmappable4 [Ljava/nio/charset/CoderResult; 4 [Ljava/nio/charset/CoderResult;
staticfield java/nio/charset/CoderResult $assertionsDisabled Z 1
ciInstanceKlass java/lang/AssertionError 0 0 79 10 10 10 10 100 10 10 10 10 10 10 10 10 100 100 1 1 1 5 0 1 1 1 1 1 1 1 1 1 1 1 1 1 100 1 1 1 1 1 1 1 1 1 1 1 1 1 1 1 1 1 12 12 100 12 1 12 12 12 12 12 12 12 12 1 1 1 1 1 1 1 1 1 1 1 1 1 1
ciInstanceKlass java/nio/DirectByteBufferR 1 1 248 10 9 10 10 10 10 9 100 10 7 10 10 10 10 100 10 9 9 5 0 9 100 10 100 10 9 100 10 100 10 100 10 100 10 100 10 100 10 5 0 100 10 100 10 7 10 100 10 5 0 100 10 100 10 100 10 100 10 100 10 100 10 100 10 100 10 100 10 100 10 100 10 100 10 10 10 7 100 1 1 1 1 1 1 1 1 1 1 1 1 1 1 1 1 1 1 1 1 1 1 1 1 1 1 1 1 1 1 1 1 1 1 1 1 1 1 1 1 1 1 1 1 1 1 1 1 1 1 1 1 1 1 1 1 1 1 1 1 100 1 1 1 1 1 1 1 100 1 1 1 1 1 100 1 1 1 1 1 1 100 1 1 1 1 1 1 1 100 1 1 1 1 1 1 1 100 1 1 1 1 1 12 12 12 12 12 12 12 1 12 1 12 12 12 1 12 12 12 1 12 1 12 1 1 1 1 1 1 1 1 1 1 1 1 1 1 1 1 1 1 1 1 1 1 12 7 12 1 1 1 1 1 1 1 1 1 1 1 1 1 1 1 1 1 1 1 1
staticfield java/nio/DirectByteBufferR $assertionsDisabled Z 1
instanceKlass com/google/common/cache/CacheLoader$UnsupportedLoadingOperationException
ciInstanceKlass java/lang/UnsupportedOperationException 0 0 34 10 10 10 10 100 100 1 1 1 5 0 1 1 1 1 1 1 1 1 1 1 1 1 1 1 1 1 12 12 12 12 1 1
instanceKlass java/lang/ArrayIndexOutOfBoundsException
instanceKlass java/lang/StringIndexOutOfBoundsException
ciInstanceKlass java/lang/IndexOutOfBoundsException 0 0 45 10 10 100 10 8 10 10 10 100 100 1 1 1 5 0 1 1 1 1 1 1 1 1 1 1 1 1 1 1 1 12 12 1 1 12 12 12 1 1 1 1 1 1 1
ciMethod java/lang/Object <init> ()V 4097 1 93037 0 0
ciMethod java/lang/String length ()I 3121 1 87267 0 64
ciMethod java/lang/String coder ()B 2361 1 137838 0 -1
ciMethod java/io/InputStream read ([BII)I 0 0 1 0 -1
ciMethod java/io/InputStream available ()I 0 0 1 0 -1
ciMethod java/nio/Buffer <init> (IIII)V 2313 1 16659 0 192
ciMethod java/nio/Buffer createCapacityException (I)Ljava/lang/IllegalArgumentException; 0 0 1 0 -1
ciMethod java/nio/Buffer position ()I 1025 1 128 0 0
ciMethod java/nio/Buffer position (I)Ljava/nio/Buffer; 2489 1 7805 0 160
ciMethod java/nio/Buffer createPositionException (I)Ljava/lang/IllegalArgumentException; 0 0 1 0 -1
ciMethod java/nio/Buffer limit ()I 1033 1 129 0 -1
ciMethod java/nio/Buffer limit (I)Ljava/nio/Buffer; 2177 1 17446 0 160
ciMethod java/nio/Buffer createLimitException (I)Ljava/lang/IllegalArgumentException; 0 0 1 0 -1
ciMethod java/nio/Buffer remaining ()I 609 1 87 0 0
ciMethod java/nio/Buffer hasRemaining ()Z 2657 1 14140 0 64
ciMethod java/lang/Character isSupplementaryCodePoint (I)Z 0 0 1 0 -1
ciMethod java/lang/Character isSurrogate (C)Z 1737 1 217 0 -1
ciMethod java/lang/Character highSurrogate (I)C 0 0 1 0 -1
ciMethod java/lang/Character lowSurrogate (I)C 0 0 1 0 -1
ciMethod java/lang/Math min (II)I 2153 1 33069 0 -1
ciMethod java/nio/ByteBuffer hasArray ()Z 4097 1 15894 0 0
ciMethod java/nio/ByteBuffer array ()[B 1745 1 11811 0 -1
ciMethod java/nio/ByteBuffer arrayOffset ()I 2769 1 25746 0 -1
ciMethod java/nio/ByteBuffer position (I)Ljava/nio/ByteBuffer; 2353 1 14189 0 -1
ciMethod java/nio/ByteBuffer flip ()Ljava/nio/ByteBuffer; 801 1 41 0 -1
ciMethod java/nio/ByteBuffer compact ()Ljava/nio/ByteBuffer; 0 0 1 0 -1
ciMethodData java/lang/Object <init> ()V 2 93037 orig 320 144 166 20 154 252 127 0 0 16 6 181 84 193 1 0 0 88 1 0 0 0 0 0 0 0 0 0 0 0 0 0 0 0 0 0 0 0 0 0 0 0 0 0 0 0 0 0 0 0 0 0 0 0 0 0 0 0 0 0 0 0 0 0 0 0 0 0 0 0 0 0 0 0 77 68 79 32 101 120 116 114 97 32 100 97 116 97 32 108 111 99 107 0 0 0 0 0 0 0 0 0 0 0 0 0 0 0 0 0 0 0 0 0 0 0 0 0 0 0 0 0 0 0 0 0 0 0 0 0 0 0 0 0 0 0 0 0 0 0 0 0 0 0 0 0 0 0 0 0 0 0 0 0 0 0 0 0 0 0 0 0 0 0 0 0 0 0 0 0 0 0 0 0 0 0 0 0 0 0 0 0 0 0 0 0 0 0 0 0 0 0 0 0 0 0 0 0 0 0 0 0 0 0 0 0 0 0 0 0 0 0 0 0 0 0 0 0 0 0 0 0 0 0 0 1 0 0 0 0 0 0 0 1 0 0 0 0 0 0 0 1 0 0 0 0 0 0 0 0 0 0 0 0 0 0 0 0 2 0 0 105 75 11 0 1 0 0 0 0 0 0 0 0 0 0 0 0 0 0 0 248 3 0 0 248 31 0 0 2 0 0 0 0 0 3 0 1 0 0 0 0 0 0 0 0 0 0 0 254 255 255 255 0 0 0 0 0 0 0 0 data 4 0x0 0x9 0x1 0x0 oops 0 methods 0
ciMethodData java/lang/String length ()I 2 87342 orig 320 144 166 20 154 252 127 0 0 32 83 181 84 193 1 0 0 184 1 0 0 0 0 0 0 0 0 0 0 0 0 0 0 0 0 0 0 0 0 0 0 0 0 0 0 0 0 0 0 0 0 0 0 0 0 0 0 0 0 0 0 0 0 0 0 0 0 0 0 0 0 0 0 0 77 68 79 32 101 120 116 114 97 32 100 97 116 97 32 108 111 99 107 0 0 0 0 0 0 0 0 0 0 0 0 0 0 0 0 0 0 0 0 0 0 0 0 0 0 0 0 0 0 0 0 0 0 0 0 0 0 0 0 0 0 0 0 0 0 0 0 0 0 0 0 0 0 0 0 0 0 0 0 0 0 0 0 0 0 0 0 0 0 0 0 0 0 0 0 0 0 0 0 0 0 0 0 0 0 0 0 0 0 0 0 0 0 0 0 0 0 0 0 0 0 0 0 0 0 0 0 0 0 0 0 0 0 0 0 0 0 0 0 0 0 0 0 0 0 0 0 0 0 0 0 1 0 0 0 0 0 0 0 0 0 0 0 0 0 0 0 1 0 0 0 0 0 0 0 0 0 0 0 0 0 0 0 133 1 0 0 57 157 10 0 1 0 0 0 0 0 0 0 0 0 0 0 0 0 0 0 248 3 0 0 248 31 0 0 2 0 0 0 0 0 6 0 2 0 0 0 0 0 0 0 56 0 0 0 254 255 255 255 5 0 6 0 0 0 0 0 data 16 0x60005 0x153a7 0x0 0x0 0x0 0x0 0x0 0x0 0x0 0x0 0x0 0x0 0x0 0x9 0x1 0x0 oops 0 methods 0
ciMethod java/nio/charset/CharsetDecoder decode (Ljava/nio/ByteBuffer;Ljava/nio/CharBuffer;Z)Ljava/nio/charset/CoderResult; 4097 1 15894 0 0
ciMethod java/nio/charset/CharsetDecoder reset ()Ljava/nio/charset/CharsetDecoder; 25 1 4 0 0
ciMethod java/nio/charset/CharsetDecoder implReset ()V 25 1 4 0 -1
ciMethod java/nio/charset/CharsetDecoder decodeLoop (Ljava/nio/ByteBuffer;Ljava/nio/CharBuffer;)Ljava/nio/charset/CoderResult; 0 0 1 0 -1
ciMethod java/nio/charset/CharsetDecoder throwIllegalStateException (II)V 0 0 1 0 -1
ciMethod java/nio/channels/ReadableByteChannel read (Ljava/nio/ByteBuffer;)I 0 0 1 0 -1
ciMethod sun/nio/cs/StreamDecoder ensureOpen ()V 2945 1 47632 0 0
ciMethod sun/nio/cs/StreamDecoder read0 ()I 1825 1 15875 0 0
ciMethod sun/nio/cs/StreamDecoder read ([CII)I 2849 1 47632 0 0
ciMethod sun/nio/cs/StreamDecoder readBytes ()I 81 1 14 0 0
ciMethod sun/nio/cs/StreamDecoder implRead ([CII)I 2113 57 15884 0 0
ciMethod sun/nio/cs/StreamDecoder inReady ()Z 33 1 5 0 0
ciMethod sun/nio/cs/StreamDecoder implReady ()Z 0 0 1 0 0
ciMethod sun/nio/cs/UTF_8$Decoder isNotContinuation (I)Z 0 0 1 0 -1
ciMethod sun/nio/cs/UTF_8$Decoder isMalformed3 (III)Z 0 0 1 0 -1
ciMethod sun/nio/cs/UTF_8$Decoder isMalformed3_2 (II)Z 0 0 1 0 -1
ciMethod sun/nio/cs/UTF_8$Decoder isMalformed4 (III)Z 0 0 1 0 -1
ciMethod sun/nio/cs/UTF_8$Decoder isMalformed4_2 (II)Z 0 0 1 0 -1
ciMethod sun/nio/cs/UTF_8$Decoder isMalformed4_3 (I)Z 0 0 1 0 -1
ciMethod sun/nio/cs/UTF_8$Decoder malformed (Ljava/nio/ByteBuffer;ILjava/nio/CharBuffer;II)Ljava/nio/charset/CoderResult; 0 0 1 0 -1
ciMethod sun/nio/cs/UTF_8$Decoder malformedForLength (Ljava/nio/ByteBuffer;ILjava/nio/CharBuffer;II)Ljava/nio/charset/CoderResult; 0 0 1 0 -1
ciMethod sun/nio/cs/UTF_8$Decoder xflow (Ljava/nio/Buffer;IILjava/nio/Buffer;II)Ljava/nio/charset/CoderResult; 2433 1 11797 0 -1
ciMethod sun/nio/cs/UTF_8$Decoder decodeArrayLoop (Ljava/nio/ByteBuffer;Ljava/nio/CharBuffer;)Ljava/nio/charset/CoderResult; 1521 166577 11797 0 -1
ciMethod sun/nio/cs/UTF_8$Decoder decodeBufferLoop (Ljava/nio/ByteBuffer;Ljava/nio/CharBuffer;)Ljava/nio/charset/CoderResult; 0 0 1 0 -1
ciMethod sun/nio/cs/UTF_8$Decoder decodeLoop (Ljava/nio/ByteBuffer;Ljava/nio/CharBuffer;)Ljava/nio/charset/CoderResult; 4097 1 15894 0 0
ciMethod java/nio/CharBuffer <init> (IIII[CI)V 4097 1 15885 0 0
ciMethod java/nio/CharBuffer wrap ([CII)Ljava/nio/CharBuffer; 4097 1 15884 0 0
ciMethod java/nio/CharBuffer slice ()Ljava/nio/CharBuffer; 0 0 1 0 -1
ciMethod java/nio/CharBuffer put (Ljava/lang/String;II)Ljava/nio/CharBuffer; 0 0 1 0 -1
ciMethod java/nio/CharBuffer put (Ljava/lang/String;)Ljava/nio/CharBuffer; 0 0 1 0 0
ciMethod java/nio/CharBuffer hasArray ()Z 4097 1 15894 0 0
ciMethod java/nio/CharBuffer array ()[C 2169 1 11797 0 -1
ciMethod java/nio/CharBuffer arrayOffset ()I 2753 1 27706 0 -1
ciMethod java/nio/CharBuffer position (I)Ljava/nio/CharBuffer; 4097 1 25867 0 0
ciMethod java/nio/CharBuffer limit (I)Ljava/nio/CharBuffer; 4097 1 15885 0 0
ciMethod java/nio/CharBuffer limit (I)Ljava/nio/Buffer; 4097 1 15885 0 0
ciMethod java/nio/CharBuffer position (I)Ljava/nio/Buffer; 3425 1 25867 0 160
ciMethod java/nio/HeapCharBuffer <init> ([CII)V 4097 1 15884 0 0
ciMethod java/nio/charset/CoderResult isUnderflow ()Z 4097 1 15918 0 0
ciMethod java/nio/charset/CoderResult isOverflow ()Z 4097 1 31764 0 0
ciMethod java/nio/charset/CoderResult isError ()Z 0 0 1 0 -1
ciMethod java/nio/charset/CoderResult isMalformed ()Z 0 0 1 0 0
ciMethod java/nio/charset/CoderResult isUnmappable ()Z 0 0 1 0 0
ciMethod java/nio/charset/CoderResult length ()I 0 0 1 0 0
ciMethod java/nio/charset/CoderResult malformedForLength (I)Ljava/nio/charset/CoderResult; 0 0 1 0 -1
ciMethod java/nio/charset/CoderResult throwException ()V 0 0 1 0 -1
ciMethod java/lang/AssertionError <init> (I)V 0 0 1 0 -1
ciMethodData java/nio/Buffer hasRemaining ()Z 2 14140 orig 320 144 166 20 154 252 127 0 0 184 225 194 84 193 1 0 0 168 1 0 0 0 0 0 0 0 0 0 0 0 0 0 0 0 0 0 0 0 0 0 0 0 0 0 0 0 0 0 0 0 0 0 0 0 0 0 0 0 0 0 0 0 0 0 0 0 0 0 0 0 0 0 0 0 77 68 79 32 101 120 116 114 97 32 100 97 116 97 32 108 111 99 107 0 0 0 0 0 0 0 0 0 0 0 0 0 0 0 0 0 0 0 0 0 0 0 0 0 0 0 0 0 0 0 0 0 0 0 0 0 0 0 0 0 0 0 0 0 0 0 0 0 0 0 0 0 0 0 0 0 0 0 0 0 0 0 0 0 0 0 0 0 0 0 0 0 0 0 0 0 0 0 0 0 0 0 0 0 0 0 0 0 0 0 0 0 0 0 0 0 0 0 0 0 0 0 0 0 0 0 0 0 0 0 0 0 0 0 0 0 0 0 0 0 0 0 0 0 0 0 0 0 0 0 0 1 0 0 0 0 0 0 0 0 0 0 0 0 0 0 0 1 0 0 0 0 0 0 0 0 0 0 0 0 0 0 0 76 1 0 0 129 175 1 0 1 0 0 0 0 0 0 0 0 0 0 0 0 0 0 0 248 3 0 0 248 31 0 0 2 0 0 0 0 0 6 0 2 0 0 0 0 0 0 0 56 0 0 0 254 255 255 255 7 0 8 0 0 0 0 0 data 14 0x80007 0x21f 0x38 0x33d1 0xc0003 0x33d1 0x18 0x0 0x0 0x0 0x0 0x9 0x1 0x0 oops 0 methods 0
ciMethodData java/nio/Buffer position (I)Ljava/nio/Buffer; 2 7805 orig 320 144 166 20 154 252 127 0 0 144 216 194 84 193 1 0 0 112 2 0 0 144 0 0 0 0 0 0 0 0 0 0 0 0 0 0 0 0 0 0 0 0 0 0 0 0 0 0 0 0 0 0 0 0 0 0 0 0 0 0 0 0 0 0 0 0 0 0 0 0 0 0 0 0 77 68 79 32 101 120 116 114 97 32 100 97 116 97 32 108 111 99 107 0 0 0 0 0 0 0 0 0 0 0 0 0 0 0 0 0 0 0 0 0 0 0 0 0 0 0 0 0 0 0 0 0 0 0 0 0 0 0 0 0 0 0 0 0 0 0 0 0 0 0 0 0 0 0 0 0 0 0 0 0 0 0 0 0 0 0 0 0 0 0 0 0 0 0 0 0 0 0 0 0 0 0 0 0 0 0 0 0 0 0 0 0 0 0 0 0 0 0 0 0 0 0 0 0 0 0 0 0 0 0 0 0 0 0 0 0 0 0 0 0 0 0 0 0 0 0 0 0 0 0 0 19 0 0 0 0 0 0 0 0 0 0 0 0 0 0 0 1 0 0 0 0 0 0 0 1 0 0 0 0 0 0 0 55 1 0 0 49 234 0 0 1 0 0 0 0 0 0 0 0 0 0 0 0 0 0 0 248 3 0 0 248 31 0 0 2 0 0 0 0 0 14 0 2 0 0 0 0 0 0 0 232 0 0 0 254 255 255 255 7 0 5 0 0 0 0 0 data 39 0x50007 0x1d46 0x38 0x0 0x90003 0x0 0x18 0xe0007 0x1d46 0x38 0x0 0x120003 0x0 0x18 0x170007 0x1d46 0x58 0x0 0x1c0005 0x0 0x0 0x0 0x0 0x0 0x0 0x2d0007 0x1d46 0x20 0x0 0x0 0x0 0x0 0x0 0x0 0x0 0x9 0x2 0xe 0x0 oops 0 methods 0
ciMethodData java/nio/Buffer limit (I)Ljava/nio/Buffer; 2 17446 orig 320 144 166 20 154 252 127 0 0 104 219 194 84 193 1 0 0 144 2 0 0 200 0 0 0 0 0 0 0 0 0 0 0 0 0 0 0 0 0 0 0 0 0 0 0 0 0 0 0 0 0 0 0 0 0 0 0 0 0 0 0 0 0 0 0 0 0 0 0 0 0 0 0 0 77 68 79 32 101 120 116 114 97 32 100 97 116 97 32 108 111 99 107 0 0 0 0 0 0 0 0 0 0 0 0 0 0 0 0 0 0 0 0 0 0 0 0 0 0 0 0 0 0 0 0 0 0 0 0 0 0 0 0 0 0 0 0 0 0 0 0 0 0 0 0 0 0 0 0 0 0 0 0 0 0 0 0 0 0 0 0 0 0 0 0 0 0 0 0 0 0 0 0 0 0 0 0 0 0 0 0 0 0 0 0 0 0 0 0 0 0 0 0 0 0 0 0 0 0 0 0 0 0 0 0 0 0 0 0 0 0 0 0 0 0 0 0 0 0 0 0 0 0 0 0 19 0 0 0 0 0 0 0 0 0 0 0 0 0 0 0 1 0 0 0 0 0 0 0 1 0 0 0 0 0 0 0 16 1 0 0 177 24 2 0 1 0 0 0 0 0 0 0 0 0 0 0 0 0 0 0 248 3 0 0 248 31 0 0 2 0 0 0 0 0 17 0 2 0 0 0 0 0 0 0 8 1 0 0 254 255 255 255 7 0 5 0 0 0 0 0 data 43 0x50007 0x4316 0x38 0x0 0x90003 0x0 0x18 0xe0007 0x4316 0x38 0x0 0x120003 0x0 0x18 0x170007 0x4316 0x58 0x0 0x1c0005 0x0 0x0 0x0 0x0 0x0 0x0 0x2d0007 0x4311 0x20 0x5 0x400007 0x4316 0x20 0x0 0x0 0x0 0x0 0x0 0x0 0x0 0x9 0x2 0x1e 0x0 oops 0 methods 0
ciMethod java/lang/UnsupportedOperationException <init> ()V 0 0 1 0 -1
ciMethodData java/nio/Buffer <init> (IIII)V 2 16659 orig 320 144 166 20 154 252 127 0 0 216 212 194 84 193 1 0 0 0 4 0 0 48 0 0 0 0 0 0 0 0 0 0 0 0 0 0 0 0 0 0 0 0 0 0 0 0 0 0 0 0 0 0 0 0 0 0 0 0 0 0 0 0 0 0 0 0 0 0 0 0 0 0 0 0 77 68 79 32 101 120 116 114 97 32 100 97 116 97 32 108 111 99 107 0 0 0 0 0 0 0 0 0 0 0 0 0 0 0 0 0 0 0 0 0 0 0 0 0 0 0 0 0 0 0 0 0 0 0 0 0 0 0 0 0 0 0 0 0 0 0 0 0 0 0 0 0 0 0 0 0 0 0 0 0 0 0 0 0 0 0 0 0 0 0 0 0 0 0 0 0 0 0 0 0 0 0 0 0 0 0 0 0 0 0 0 0 0 0 0 0 0 0 0 0 0 0 0 0 0 0 0 0 0 0 0 0 0 0 0 0 0 0 0 0 0 0 0 0 0 0 0 0 0 0 0 25 0 0 0 0 0 0 0 0 0 0 0 0 0 0 0 0 0 0 0 0 0 0 0 0 0 0 0 0 0 0 0 33 1 0 0 145 255 1 0 1 0 0 0 0 0 0 0 0 0 0 0 0 0 0 0 248 3 0 0 248 31 0 0 2 0 0 0 0 0 19 0 2 0 0 0 0 0 0 0 96 2 0 0 254 255 255 255 2 0 1 0 0 0 0 0 data 89 0x10002 0x3ff2 0x100007 0x3ff2 0x30 0x0 0x150002 0x0 0x210005 0x3e0a 0x0 0x1c156ac7c40 0x1d8 0x1c156ac7cf0 0x10 0x270005 0x3e0a 0x0 0x1c156ac7c40 0x1d8 0x1c156ac7cf0 0x10 0x2c0007 0x3ff2 0x1b0 0x0 0x310007 0x0 0x190 0x0 0x3c0002 0x0 0x410005 0x0 0x0 0x0 0x0 0x0 0x0 0x450005 0x0 0x0 0x0 0x0 0x0 0x0 0x4a0005 0x0 0x0 0x0 0x0 0x0 0x0 0x4e0005 0x0 0x0 0x0 0x0 0x0 0x0 0x530005 0x0 0x0 0x0 0x0 0x0 0x0 0x560005 0x0 0x0 0x0 0x0 0x0 0x0 0x590002 0x0 0x0 0x0 0x0 0x0 0x0 0x0 0x9 0x5 0xffffffffffffffff 0x0 0x0 0x0 0x0 oops 4 11 java/nio/DirectByteBufferR 13 java/nio/HeapByteBuffer 18 java/nio/DirectByteBufferR 20 java/nio/HeapByteBuffer methods 0
ciMethodData sun/nio/cs/StreamDecoder read ([CII)I 2 47632 orig 320 144 166 20 154 252 127 0 0 160 245 251 84 193 1 0 0 56 4 0 0 56 2 0 0 0 0 0 0 0 0 0 0 0 0 0 0 0 0 0 0 0 0 0 0 0 0 0 0 0 0 0 0 0 0 0 0 0 0 0 0 0 0 0 0 0 0 0 0 0 0 0 0 0 77 68 79 32 101 120 116 114 97 32 100 97 116 97 32 108 111 99 107 0 0 0 0 0 0 0 0 0 0 0 0 0 0 0 0 0 0 0 0 0 0 0 0 0 0 0 0 0 0 0 0 0 0 0 0 0 0 0 0 0 0 0 0 0 0 0 0 0 0 0 0 0 0 0 0 0 0 0 0 0 0 0 0 0 0 0 0 0 0 0 0 0 0 0 0 0 0 0 0 0 0 0 0 0 0 0 0 0 0 0 0 0 0 0 0 0 0 0 0 0 0 0 0 0 0 0 0 0 0 0 0 0 0 0 0 0 0 0 0 0 0 0 0 0 0 0 0 0 0 0 0 0 0 0 0 0 0 0 0 0 0 0 0 0 0 0 0 0 0 0 0 0 0 0 0 0 0 0 0 0 0 0 0 97 1 0 0 97 197 5 0 1 0 0 0 0 0 0 0 0 0 0 0 0 0 0 0 248 3 0 0 248 31 0 0 2 0 0 0 0 0 53 0 2 0 0 0 0 0 0 0 136 2 0 0 254 255 255 255 5 0 15 0 0 0 0 0 data 96 0xf0005 0xb58b 0x0 0x1c155ef4330 0x321 0x0 0x0 0x140007 0x0 0xa0 0xb8ac 0x1b0007 0x0 0x80 0xb8ac 0x200007 0x0 0x60 0xb8ac 0x2a0007 0x0 0x40 0xb8ac 0x320007 0xb8ac 0x30 0x0 0x390002 0x0 0x3f0007 0xb8ac 0x20 0x0 0x4e0007 0x7b1e 0x98 0x3d8e 0x690007 0x3d8e 0x78 0x0 0x6d0005 0x0 0x0 0x0 0x0 0x0 0x0 0x700007 0x0 0x20 0x0 0x7c0007 0x3d8f 0xb0 0x3d8f 0x800005 0x3c84 0x0 0x1c155ef4330 0x10b 0x0 0x0 0x880007 0x3d8e 0x58 0x1 0x8d0007 0x0 0x38 0x1 0x910003 0x1 0x18 0xb40005 0x0 0x0 0x1c155ef4330 0x3d8f 0x0 0x0 0x0 0x0 0x0 0x0 0x0 0x0 0x0 0x0 0x0 0x9 0x4 0x0 0x0 0x0 0x0 oops 3 3 sun/nio/cs/StreamDecoder 59 sun/nio/cs/StreamDecoder 77 sun/nio/cs/StreamDecoder methods 0
ciMethodData sun/nio/cs/StreamDecoder ensureOpen ()V 2 47632 orig 320 144 166 20 154 252 127 0 0 80 237 251 84 193 1 0 0 160 1 0 0 0 0 0 0 0 0 0 0 0 0 0 0 0 0 0 0 0 0 0 0 0 0 0 0 0 0 0 0 0 0 0 0 0 0 0 0 0 0 0 0 0 0 0 0 0 0 0 0 0 0 0 0 0 77 68 79 32 101 120 116 114 97 32 100 97 116 97 32 108 111 99 107 0 0 0 0 0 0 0 0 0 0 0 0 0 0 0 0 0 0 0 0 0 0 0 0 0 0 0 0 0 0 0 0 0 0 0 0 0 0 0 0 0 0 0 0 0 0 0 0 0 0 0 0 0 0 0 0 0 0 0 0 0 0 0 0 0 0 0 0 0 0 0 0 0 0 0 0 0 0 0 0 0 0 0 0 0 0 0 0 0 0 0 0 0 0 0 0 0 0 0 0 0 0 0 0 0 0 0 0 0 0 0 0 0 0 0 0 0 0 0 0 0 0 0 0 0 0 0 0 0 0 0 0 0 0 0 0 0 0 0 0 0 0 0 0 0 0 0 0 0 0 0 0 0 0 0 0 0 0 0 0 0 0 0 0 112 1 0 0 1 197 5 0 1 0 0 0 0 0 0 0 0 0 0 0 0 0 0 0 248 3 0 0 248 31 0 0 2 0 0 0 0 0 5 0 2 0 0 0 0 0 0 0 48 0 0 0 254 255 255 255 7 0 4 0 0 0 0 0 data 13 0x40007 0xb8a0 0x30 0x0 0xd0002 0x0 0x0 0x0 0x0 0x0 0x9 0x1 0x0 oops 0 methods 0
ciMethodData sun/nio/cs/UTF_8$Decoder decodeArrayLoop (Ljava/nio/ByteBuffer;Ljava/nio/CharBuffer;)Ljava/nio/charset/CoderResult; 2 44029 orig 320 144 166 20 154 252 127 0 0 0 44 252 84 193 1 0 0 72 9 0 0 128 2 0 0 0 0 0 0 0 0 0 0 0 0 0 0 0 0 0 0 0 0 0 0 0 0 0 0 0 0 0 0 0 0 0 0 0 0 0 0 0 0 0 0 0 0 0 0 0 0 0 0 0 77 68 79 32 101 120 116 114 97 32 100 97 116 97 32 108 111 99 107 0 0 0 0 0 0 0 0 0 0 0 0 0 0 0 0 0 0 0 0 0 0 0 0 0 0 0 0 0 0 0 0 0 0 0 0 0 0 0 0 0 0 0 0 0 0 0 0 0 0 0 0 0 0 0 0 0 0 0 0 0 0 0 0 0 0 0 0 0 0 0 0 0 0 0 0 0 0 0 0 0 0 0 0 0 0 0 0 0 0 0 0 0 0 0 0 0 0 0 0 0 0 0 0 0 0 0 0 0 0 0 0 0 0 0 0 0 0 0 0 0 0 0 0 0 0 0 0 0 0 0 0 0 0 0 0 0 0 0 0 0 0 0 0 0 0 0 0 0 0 0 0 0 0 0 0 0 0 0 0 0 0 0 0 70 81 0 0 185 106 1 0 57 213 2 0 0 0 0 0 0 0 0 0 0 0 0 0 248 3 0 0 248 31 0 0 2 0 0 0 2 0 158 0 2 0 0 0 0 0 0 0 160 7 0 0 254 255 255 255 5 0 1 0 0 0 0 0 data 258 0x10005 0x2d57 0x0 0x0 0x0 0x0 0x0 0x60005 0x2d57 0x0 0x0 0x0 0x0 0x0 0xa0005 0x2d57 0x0 0x0 0x0 0x0 0x0 0x110005 0x2d57 0x0 0x0 0x0 0x0 0x0 0x150005 0x2d57 0x0 0x0 0x0 0x0 0x0 0x1c0005 0x2d57 0x0 0x0 0x0 0x0 0x0 0x220005 0x2d57 0x0 0x0 0x0 0x0 0x0 0x260005 0x2d57 0x0 0x0 0x0 0x0 0x0 0x2d0005 0x2d57 0x0 0x0 0x0 0x0 0x0 0x310005 0x2d57 0x0 0x0 0x0 0x0 0x0 0x430002 0x2d57 0x4d0007 0x2d57 0x58 0x5aa7 0x540007 0x0 0x38 0x5aa7 0x670003 0x5aa7 0xffffffffffffffc0 0x6e0007 0x6 0x4f8 0x2d51 0x790007 0x0 0x68 0x2d51 0x800007 0x0 0x30 0x2d51 0x8c0002 0x2d51 0x9e0003 0x0 0x470 0xa70007 0x0 0xe8 0x0 0xaf0007 0x0 0xc8 0x0 0xb80007 0x0 0x40 0x0 0xbf0007 0x0 0x30 0x0 0xcb0002 0x0 0xd90002 0x0 0xdc0007 0x0 0x30 0x0 0xe60002 0x0 0x1020003 0x0 0x388 0x10b0007 0x0 0x168 0x0 0x1180007 0x0 0x40 0x0 0x11f0007 0x0 0x90 0x0 0x1250007 0x0 0x60 0x0 0x1300002 0x0 0x1330007 0x0 0x30 0x0 0x13d0002 0x0 0x14a0002 0x0 0x1640002 0x0 0x1670007 0x0 0x30 0x0 0x1710002 0x0 0x18b0002 0x0 0x18e0007 0x0 0x30 0x0 0x1980002 0x0 0x1a90003 0x0 0x220 0x1b20007 0x0 0x1f8 0x0 0x1bf0007 0x0 0x40 0x0 0x1c80007 0x0 0x110 0x0 0x1d80007 0x0 0x70 0x0 0x1de0007 0x0 0x60 0x0 0x1ed0002 0x0 0x1f00007 0x0 0x30 0x0 0x1fa0002 0x0 0x2010007 0x0 0x60 0x0 0x20a0002 0x0 0x20d0007 0x0 0x30 0x0 0x2170002 0x0 0x2240002 0x0 0x25f0002 0x0 0x2620007 0x0 0x50 0x0 0x2670002 0x0 0x26a0007 0x0 0x30 0x0 0x2740002 0x0 0x2810002 0x0 0x28e0002 0x0 0x2950003 0x0 0x28 0x29f0002 0x0 0x2a30003 0x0 0xfffffffffffffb20 0x2af0002 0x6 0x0 0x0 0x0 0x0 0x0 0x0 0x0 0x0 0x0 0x9 0x3 0x0 0x0 0x0 oops 0 methods 0
ciMethodData sun/nio/cs/StreamDecoder implReady ()Z 1 0 orig 320 144 166 20 154 252 127 0 0 112 4 252 84 193 1 0 0 72 2 0 0 144 0 0 0 0 0 0 0 0 0 0 0 0 0 0 0 0 0 0 0 0 0 0 0 0 0 0 0 0 0 0 0 0 0 0 0 0 0 0 0 0 0 0 0 0 0 0 0 0 0 0 0 0 77 68 79 32 101 120 116 114 97 32 100 97 116 97 32 108 111 99 107 0 0 0 0 0 0 0 0 0 0 0 0 0 0 0 0 0 0 0 0 0 0 0 0 0 0 0 0 0 0 0 0 0 0 0 0 0 0 0 0 0 0 0 0 0 0 0 0 0 0 0 0 0 0 0 0 0 0 0 0 0 0 0 0 0 0 0 0 0 0 0 0 0 0 0 0 0 0 0 0 0 0 0 0 0 0 0 0 0 0 0 0 0 0 0 0 0 0 0 0 0 0 0 0 0 0 0 0 0 0 0 0 0 0 0 0 0 0 0 0 0 0 0 0 0 0 0 0 0 0 0 0 17 0 0 0 0 0 0 0 0 0 0 0 0 0 0 0 1 0 0 0 0 0 0 0 0 0 0 0 0 0 0 0 0 0 0 0 1 0 0 0 1 0 0 0 0 0 0 0 0 0 0 0 0 0 0 0 248 3 0 0 248 31 0 0 2 0 0 0 0 0 0 0 0 0 0 0 0 0 0 0 200 0 0 0 254 255 255 255 5 0 4 0 0 0 0 0 data 34 0x40005 0x0 0x0 0x0 0x0 0x0 0x0 0x70007 0x0 0x78 0x0 0xb0005 0x0 0x0 0x0 0x0 0x0 0x0 0xe0007 0x0 0x38 0x0 0x120003 0x0 0x18 0x0 0x0 0x0 0x0 0x0 0x0 0x9 0x1 0x0 oops 0 methods 0
ciMethodData java/nio/CharBuffer position (I)Ljava/nio/Buffer; 2 25867 orig 320 144 166 20 154 252 127 0 0 184 122 252 84 193 1 0 0 192 1 0 0 0 0 0 0 0 0 0 0 0 0 0 0 0 0 0 0 0 0 0 0 0 0 0 0 0 0 0 0 0 0 0 0 0 0 0 0 0 0 0 0 0 0 0 0 0 0 0 0 0 0 0 0 0 77 68 79 32 101 120 116 114 97 32 100 97 116 97 32 108 111 99 107 0 0 0 0 0 0 0 0 0 0 0 0 0 0 0 0 0 0 0 0 0 0 0 0 0 0 0 0 0 0 0 0 0 0 0 0 0 0 0 0 0 0 0 0 0 0 0 0 0 0 0 0 0 0 0 0 0 0 0 0 0 0 0 0 0 0 0 0 0 0 0 0 0 0 0 0 0 0 0 0 0 0 0 0 0 0 0 0 0 0 0 0 0 0 0 0 0 0 0 0 0 0 0 0 0 0 0 0 0 0 0 0 0 0 0 0 0 0 0 0 0 0 0 0 0 0 0 0 0 0 0 0 0 0 0 0 0 0 0 0 0 0 0 0 0 0 0 0 0 0 0 0 0 0 0 0 0 0 0 0 0 0 0 0 171 1 0 0 249 26 3 0 1 0 0 0 0 0 0 0 0 0 0 0 0 0 0 0 248 3 0 0 248 31 0 0 2 0 0 0 0 0 3 0 2 0 0 0 0 0 0 0 56 0 0 0 254 255 255 255 5 0 2 0 0 0 0 0 data 17 0x20005 0x635f 0x0 0x0 0x0 0x0 0x0 0x0 0x0 0x0 0x0 0x0 0x0 0x9 0x2 0x0 0x0 oops 0 methods 0
ciMethodData sun/nio/cs/StreamDecoder inReady ()Z 1 5 orig 320 144 166 20 154 252 127 0 0 176 3 252 84 193 1 0 0 104 2 0 0 176 0 0 0 0 0 0 0 0 0 0 0 0 0 0 0 0 0 0 0 0 0 0 0 0 0 0 0 0 0 0 0 0 0 0 0 0 0 0 0 0 0 0 0 0 0 0 0 0 0 0 0 0 77 68 79 32 101 120 116 114 97 32 100 97 116 97 32 108 111 99 107 0 0 0 0 0 0 0 0 0 0 0 0 0 0 0 0 0 0 0 0 0 0 0 0 0 0 0 0 0 0 0 0 0 0 0 0 0 0 0 0 0 0 0 0 0 0 0 0 0 0 0 0 0 0 0 0 0 0 0 0 0 0 0 0 0 0 0 0 0 0 0 0 0 0 0 0 0 0 0 0 0 0 0 0 0 0 0 0 0 0 0 0 0 0 0 0 0 0 0 0 0 0 0 0 0 0 0 0 0 0 0 0 0 0 0 0 0 0 0 0 0 0 0 0 0 0 0 0 0 0 0 0 17 0 0 0 0 0 0 0 0 0 0 0 0 0 0 0 1 0 0 0 0 0 0 0 0 0 0 0 0 0 0 0 4 0 0 0 9 0 0 0 1 0 0 0 0 0 0 0 0 0 0 0 0 0 0 0 248 3 0 0 248 31 0 0 2 0 0 0 0 0 0 0 0 0 0 0 0 0 0 0 232 0 0 0 254 255 255 255 7 0 4 0 0 0 0 0 data 38 0x40007 0x0 0x78 0x1 0xb0005 0x0 0x0 0x1c156b4ac20 0x1 0x0 0x0 0xe0007 0x0 0x78 0x1 0x150104 0x0 0x0 0x0 0x0 0x0 0x0 0x180007 0x1 0x38 0x0 0x1c0003 0x0 0x18 0x0 0x0 0x0 0x0 0x0 0x0 0x9 0x1 0x0 oops 1 7 java/io/BufferedInputStream methods 0
ciMethodData sun/nio/cs/StreamDecoder read0 ()I 2 15875 orig 320 144 166 20 154 252 127 0 0 144 243 251 84 193 1 0 0 128 2 0 0 88 0 0 0 0 0 0 0 0 0 0 0 0 0 0 0 0 0 0 0 0 0 0 0 0 0 0 0 0 0 0 0 0 0 0 0 0 0 0 0 0 0 0 0 0 0 0 0 0 0 0 0 0 77 68 79 32 101 120 116 114 97 32 100 97 116 97 32 108 111 99 107 0 0 0 0 0 0 0 0 0 0 0 0 0 0 0 0 0 0 0 0 0 0 0 0 0 0 0 0 0 0 0 0 0 0 0 0 0 0 0 0 0 0 0 0 0 0 0 0 0 0 0 0 0 0 0 0 0 0 0 0 0 0 0 0 0 0 0 0 0 0 0 0 0 0 0 0 0 0 0 0 0 0 0 0 0 0 0 0 0 0 0 0 0 0 0 0 0 0 0 0 0 0 0 0 0 0 0 0 0 0 0 0 0 0 0 0 0 0 0 0 0 0 0 0 0 0 0 0 0 0 0 0 0 0 0 0 0 0 0 0 0 0 0 0 0 0 0 0 0 0 0 0 0 0 0 0 0 0 0 0 0 0 0 0 226 0 0 0 249 232 1 0 1 0 0 0 0 0 0 0 0 0 0 0 0 0 0 0 248 3 0 0 248 31 0 0 2 0 0 0 0 0 19 0 2 0 0 0 0 0 0 0 232 0 0 0 254 255 255 255 7 0 11 0 0 0 0 0 data 41 0xb0007 0x3d1f 0x20 0x0 0x220005 0x0 0x0 0x1c155ef4330 0x3d1f 0x0 0x0 0x270008 0xa 0x0 0x60 0x1 0x60 0x0 0x60 0x1 0x60 0x3d1d 0x60 0x5d0007 0x0 0x30 0x0 0x650002 0x0 0x0 0x0 0x0 0x0 0x0 0x0 0x0 0x0 0x0 0x9 0x1 0xffffffffffffffff oops 1 7 sun/nio/cs/StreamDecoder methods 0
ciMethodData java/nio/CharBuffer position (I)Ljava/nio/CharBuffer; 2 25867 orig 320 144 166 20 154 252 127 0 0 136 98 252 84 193 1 0 0 128 1 0 0 0 0 0 0 0 0 0 0 0 0 0 0 0 0 0 0 0 0 0 0 0 0 0 0 0 0 0 0 0 0 0 0 0 0 0 0 0 0 0 0 0 0 0 0 0 0 0 0 0 0 0 0 0 77 68 79 32 101 120 116 114 97 32 100 97 116 97 32 108 111 99 107 0 0 0 0 0 0 0 0 0 0 0 0 0 0 0 0 0 0 0 0 0 0 0 0 0 0 0 0 0 0 0 0 0 0 0 0 0 0 0 0 0 0 0 0 0 0 0 0 0 0 0 0 0 0 0 0 0 0 0 0 0 0 0 0 0 0 0 0 0 0 0 0 0 0 0 0 0 0 0 0 0 0 0 0 0 0 0 0 0 0 0 0 0 0 0 0 0 0 0 0 0 0 0 0 0 0 0 0 0 0 0 0 0 0 0 0 0 0 0 0 0 0 0 0 0 0 0 0 0 0 0 0 19 0 0 0 0 0 0 0 0 0 0 0 0 0 0 0 0 0 0 0 0 0 0 0 1 0 0 0 0 0 0 0 0 2 0 0 89 24 3 0 1 0 0 0 0 0 0 0 0 0 0 0 0 0 0 0 248 3 0 0 248 31 0 0 2 0 0 0 0 0 3 0 2 0 0 0 0 0 0 0 16 0 0 0 254 255 255 255 2 0 2 0 0 0 0 0 data 9 0x20002 0x630b 0x0 0x0 0x0 0x9 0x2 0xe 0x0 oops 0 methods 0
ciMethodData java/nio/charset/CoderResult isOverflow ()Z 2 31764 orig 320 144 166 20 154 252 127 0 0 64 189 252 84 193 1 0 0 160 1 0 0 0 0 0 0 0 0 0 0 0 0 0 0 0 0 0 0 0 0 0 0 0 0 0 0 0 0 0 0 0 0 0 0 0 0 0 0 0 0 0 0 0 0 0 0 0 0 0 0 0 0 0 0 0 77 68 79 32 101 120 116 114 97 32 100 97 116 97 32 108 111 99 107 0 0 0 0 0 0 0 0 0 0 0 0 0 0 0 0 0 0 0 0 0 0 0 0 0 0 0 0 0 0 0 0 0 0 0 0 0 0 0 0 0 0 0 0 0 0 0 0 0 0 0 0 0 0 0 0 0 0 0 0 0 0 0 0 0 0 0 0 0 0 0 0 0 0 0 0 0 0 0 0 0 0 0 0 0 0 0 0 0 0 0 0 0 0 0 0 0 0 0 0 0 0 0 0 0 0 0 0 0 0 0 0 0 0 0 0 0 0 0 0 0 0 0 0 0 0 0 0 0 0 0 0 0 0 0 0 0 0 0 0 0 0 0 0 0 0 0 0 0 0 0 0 0 0 0 0 0 0 0 0 0 0 0 0 0 2 0 0 161 208 3 0 1 0 0 0 0 0 0 0 0 0 0 0 0 0 0 0 248 3 0 0 248 31 0 0 2 0 0 0 0 0 6 0 2 0 0 0 0 0 0 0 56 0 0 0 254 255 255 255 7 0 5 0 0 0 0 0 data 13 0x50007 0x8 0x38 0x7a0c 0x90003 0x7a0c 0x18 0x0 0x0 0x0 0x9 0x1 0x0 oops 0 methods 0
ciMethodData sun/nio/cs/StreamDecoder implRead ([CII)I 2 15884 orig 320 144 166 20 154 252 127 0 0 248 1 252 84 193 1 0 0 96 8 0 0 128 6 0 0 0 0 0 0 0 0 0 0 0 0 0 0 0 0 0 0 0 0 0 0 0 0 0 0 0 0 0 0 0 0 0 0 0 0 0 0 0 0 0 0 0 0 0 0 0 0 0 0 0 77 68 79 32 101 120 116 114 97 32 100 97 116 97 32 108 111 99 107 0 0 0 0 0 0 0 0 0 0 0 0 0 0 0 0 0 0 0 0 0 0 0 0 0 0 0 0 0 0 0 0 0 0 0 0 0 0 0 0 0 0 0 0 0 0 0 0 0 0 0 0 0 0 0 0 0 0 0 0 0 0 0 0 0 0 0 0 0 0 0 0 0 0 0 0 0 0 0 0 0 0 0 0 0 0 0 0 0 0 0 0 0 0 0 0 0 0 0 0 0 0 0 0 0 0 0 0 0 0 0 0 0 0 0 0 0 0 0 0 0 0 0 0 0 0 0 0 0 0 0 0 0 0 0 0 0 0 0 0 0 0 0 0 0 0 0 0 0 0 0 0 0 0 0 0 0 0 0 0 0 0 0 0 6 1 0 0 33 232 1 0 25 0 0 0 0 0 0 0 0 0 0 0 0 0 0 0 248 3 0 0 248 31 0 0 2 0 0 0 1 0 56 0 2 0 0 0 0 0 0 0 200 6 0 0 254 255 255 255 7 0 3 0 0 0 0 0 data 229 0x30007 0x3d04 0x50 0x0 0xa0007 0x0 0x30 0x0 0x110002 0x0 0x1a0002 0x3d04 0x210005 0x3d04 0x0 0x0 0x0 0x0 0x0 0x240007 0x3d04 0x58 0x0 0x290005 0x0 0x0 0x0 0x0 0x0 0x0 0x3d0005 0x3d07 0x0 0x0 0x0 0x0 0x0 0x440005 0x0 0x0 0x1c1563a3510 0x3d07 0x0 0x0 0x470007 0x3cff 0x300 0x8 0x4c0007 0x8 0x38 0x0 0x4f0003 0x0 0x3f0 0x540005 0x8 0x0 0x0 0x0 0x0 0x0 0x570007 0x5 0x38 0x3 0x5a0003 0x3 0x380 0x5f0005 0x5 0x0 0x0 0x0 0x0 0x0 0x620007 0x4 0x90 0x1 0x660005 0x1 0x0 0x0 0x0 0x0 0x0 0x690007 0x0 0x38 0x1 0x6c0003 0x1 0x2b8 0x700005 0x4 0x0 0x0 0x0 0x0 0x0 0x770007 0x3 0xfffffffffffffdc8 0x1 0x7f0005 0x1 0x0 0x0 0x0 0x0 0x0 0x820007 0x0 0x90 0x1 0x890005 0x1 0x0 0x0 0x0 0x0 0x0 0x8c0007 0x0 0x38 0x1 0x8f0003 0x1 0x198 0x960005 0x0 0x0 0x0 0x0 0x0 0x0 0x9a0003 0x0 0xfffffffffffffca8 0x9f0005 0x0 0x0 0x1c1563a3510 0x3cff 0x0 0x0 0xa20007 0x0 0xa8 0x3cff 0xa80007 0x3cff 0xd8 0x0 0xad0005 0x0 0x0 0x0 0x0 0x0 0x0 0xb00007 0x0 0x80 0x0 0xb70002 0x0 0xbd0005 0x0 0x0 0x0 0x0 0x0 0x0 0xc00003 0x0 0xfffffffffffffb78 0xc50007 0x3d03 0x58 0x1 0xcc0005 0x1 0x0 0x0 0x0 0x0 0x0 0xd20005 0x3d04 0x0 0x0 0x0 0x0 0x0 0xd50007 0x3d03 0x70 0x1 0xda0007 0x0 0x20 0x1 0xe20007 0x0 0x30 0x0 0xe90002 0x0 0xef0005 0x3d03 0x0 0x0 0x0 0x0 0x0 0x0 0x0 0x0 0x0 0x0 0x0 0x9 0x4 0x0 0x0 0x0 0x0 oops 2 40 java/nio/charset/CoderResult 143 java/nio/charset/CoderResult methods 0
ciMethodData java/nio/charset/CoderResult isUnderflow ()Z 2 15918 orig 320 144 166 20 154 252 127 0 0 136 188 252 84 193 1 0 0 160 1 0 0 0 0 0 0 0 0 0 0 0 0 0 0 0 0 0 0 0 0 0 0 0 0 0 0 0 0 0 0 0 0 0 0 0 0 0 0 0 0 0 0 0 0 0 0 0 0 0 0 0 0 0 0 0 77 68 79 32 101 120 116 114 97 32 100 97 116 97 32 108 111 99 107 0 0 0 0 0 0 0 0 0 0 0 0 0 0 0 0 0 0 0 0 0 0 0 0 0 0 0 0 0 0 0 0 0 0 0 0 0 0 0 0 0 0 0 0 0 0 0 0 0 0 0 0 0 0 0 0 0 0 0 0 0 0 0 0 0 0 0 0 0 0 0 0 0 0 0 0 0 0 0 0 0 0 0 0 0 0 0 0 0 0 0 0 0 0 0 0 0 0 0 0 0 0 0 0 0 0 0 0 0 0 0 0 0 0 0 0 0 0 0 0 0 0 0 0 0 0 0 0 0 0 0 0 0 0 0 0 0 0 0 0 0 0 0 0 0 0 0 0 0 0 0 0 0 0 0 0 0 0 0 0 0 0 0 0 0 2 0 0 113 225 1 0 1 0 0 0 0 0 0 0 0 0 0 0 0 0 0 0 248 3 0 0 248 31 0 0 2 0 0 0 0 0 6 0 2 0 0 0 0 0 0 0 56 0 0 0 254 255 255 255 7 0 4 0 0 0 0 0 data 13 0x40007 0x3c1e 0x38 0x10 0x80003 0x10 0x18 0x0 0x0 0x0 0x9 0x1 0x0 oops 0 methods 0
ciMethodData java/nio/charset/CharsetDecoder decode (Ljava/nio/ByteBuffer;Ljava/nio/CharBuffer;Z)Ljava/nio/charset/CoderResult; 2 15894 orig 320 144 166 20 154 252 127 0 0 80 158 227 84 193 1 0 0 64 8 0 0 184 0 0 0 0 0 0 0 0 0 0 0 0 0 0 0 0 0 0 0 0 0 0 0 0 0 0 0 0 0 0 0 0 0 0 0 0 0 0 0 0 0 0 0 0 0 0 0 0 0 0 0 0 77 68 79 32 101 120 116 114 97 32 100 97 116 97 32 108 111 99 107 0 0 0 0 0 0 0 0 0 0 0 0 0 0 0 0 0 0 0 0 0 0 0 0 0 0 0 0 0 0 0 0 0 0 0 0 0 0 0 0 0 0 0 0 0 0 0 0 0 0 0 0 0 0 0 0 0 0 0 0 0 0 0 0 0 0 0 0 0 0 0 0 0 0 0 0 0 0 0 0 0 0 0 0 0 0 0 0 0 0 0 0 0 0 0 0 0 0 0 0 0 0 0 0 0 0 0 0 0 0 0 0 0 0 0 0 0 0 0 0 0 0 0 0 0 0 0 0 0 0 0 0 0 0 0 0 0 0 0 0 0 0 0 0 0 0 0 0 0 0 0 0 0 0 0 0 0 0 0 0 0 0 0 0 0 2 0 0 177 224 1 0 1 0 0 0 0 0 0 0 0 0 0 0 0 0 0 0 248 3 0 0 248 31 0 0 2 0 0 0 1 0 85 0 2 0 0 0 0 0 0 0 128 6 0 0 254 255 255 255 7 0 1 0 0 0 0 0 data 225 0x10007 0x3c16 0x38 0x0 0x50003 0x0 0x18 0xf0007 0x1 0xb8 0x3c15 0x170007 0x3c15 0x98 0x0 0x1b0007 0x0 0x40 0x0 0x230007 0x0 0x58 0x0 0x2d0005 0x0 0x0 0x0 0x0 0x0 0x0 0x390005 0x0 0x0 0x1c156a910e0 0x3c16 0x0 0x0 0x3e0003 0x3c16 0x38 0x490002 0x0 0x550002 0x0 0x5b0005 0x0 0x0 0x1c1563a3510 0x3c16 0x0 0x0 0x5e0007 0x8 0x20 0x3c0e 0x660005 0x0 0x0 0x1c1563a3510 0x8 0x0 0x0 0x690007 0x0 0xf8 0x8 0x6d0007 0x8 0xd8 0x0 0x710005 0x0 0x0 0x0 0x0 0x0 0x0 0x740007 0x0 0x80 0x0 0x780005 0x0 0x0 0x0 0x0 0x0 0x0 0x7b0002 0x0 0x800003 0x0 0x18 0x8b0005 0x0 0x0 0x0 0x0 0x0 0x0 0x8e0007 0x0 0x38 0x0 0x970003 0x0 0xf0 0x9c0005 0x0 0x0 0x0 0x0 0x0 0x0 0x9f0007 0x0 0x38 0x0 0xa80003 0x0 0x80 0xae0007 0x0 0x68 0x0 0xb70005 0x0 0x0 0x0 0x0 0x0 0x0 0xba0002 0x0 0xc30007 0x0 0x20 0x0 0xce0007 0x0 0xe8 0x0 0xd20005 0x0 0x0 0x0 0x0 0x0 0x0 0xd90005 0x0 0x0 0x0 0x0 0x0 0x0 0xdc0007 0x0 0x20 0x0 0xe80005 0x0 0x0 0x0 0x0 0x0 0x0 0xf10007 0x0 0x40 0x0 0xf90007 0x0 0xe0 0x0 0xfe0005 0x0 0x0 0x0 0x0 0x0 0x0 0x1030005 0x0 0x0 0x0 0x0 0x0 0x0 0x1070005 0x0 0x0 0x0 0x0 0x0 0x0 0x10b0003 0x0 0xfffffffffffffad0 0x1110007 0x0 0x30 0x0 0x1180002 0x0 0x11c0003 0x0 0xfffffffffffffa88 0x0 0x0 0x0 0x0 0x0 0x0 0x0 0x0 0x0 0x0 0x0 0x9 0x4 0x0 0x0 0x0 0x0 oops 3 33 sun/nio/cs/UTF_8$Decoder 47 java/nio/charset/CoderResult 58 java/nio/charset/CoderResult methods 0
ciMethodData sun/nio/cs/UTF_8$Decoder decodeLoop (Ljava/nio/ByteBuffer;Ljava/nio/CharBuffer;)Ljava/nio/charset/CoderResult; 2 15894 orig 320 144 166 20 154 252 127 0 0 104 48 252 84 193 1 0 0 176 2 0 0 176 0 0 0 0 0 0 0 0 0 0 0 0 0 0 0 0 0 0 0 0 0 0 0 0 0 0 0 0 0 0 0 0 0 0 0 0 0 0 0 0 0 0 0 0 0 0 0 0 0 0 0 0 77 68 79 32 101 120 116 114 97 32 100 97 116 97 32 108 111 99 107 0 0 0 0 0 0 0 0 0 0 0 0 0 0 0 0 0 0 0 0 0 0 0 0 0 0 0 0 0 0 0 0 0 0 0 0 0 0 0 0 0 0 0 0 0 0 0 0 0 0 0 0 0 0 0 0 0 0 0 0 0 0 0 0 0 0 0 0 0 0 0 0 0 0 0 0 0 0 0 0 0 0 0 0 0 0 0 0 0 0 0 0 0 0 0 0 0 0 0 0 0 0 0 0 0 0 0 0 0 0 0 0 0 0 0 0 0 0 0 0 0 0 0 0 0 0 0 0 0 0 0 0 0 0 0 0 0 0 0 0 0 0 0 0 0 0 0 0 0 0 0 0 0 0 0 0 0 0 0 0 0 0 0 0 0 2 0 0 177 224 1 0 1 0 0 0 0 0 0 0 0 0 0 0 0 0 0 0 248 3 0 0 248 31 0 0 2 0 0 0 0 0 22 0 2 0 0 0 0 0 0 0 32 1 0 0 254 255 255 255 5 0 1 0 0 0 0 0 data 47 0x10005 0x3c16 0x0 0x0 0x0 0x0 0x0 0x40007 0x0 0xb0 0x3c16 0x80005 0x3c16 0x0 0x0 0x0 0x0 0x0 0xb0007 0x0 0x58 0x3c16 0x110005 0x36fa 0x0 0x1c156a910e0 0x51c 0x0 0x0 0x180005 0x0 0x0 0x0 0x0 0x0 0x0 0x0 0x0 0x0 0x0 0x0 0x0 0x9 0x3 0x0 0x0 0x0 oops 1 25 sun/nio/cs/UTF_8$Decoder methods 0
ciMethodData java/nio/ByteBuffer hasArray ()Z 2 15894 orig 320 144 166 20 154 252 127 0 0 192 91 209 84 193 1 0 0 216 1 0 0 0 0 0 0 0 0 0 0 0 0 0 0 0 0 0 0 0 0 0 0 0 0 0 0 0 0 0 0 0 0 0 0 0 0 0 0 0 0 0 0 0 0 0 0 0 0 0 0 0 0 0 0 0 77 68 79 32 101 120 116 114 97 32 100 97 116 97 32 108 111 99 107 0 0 0 0 0 0 0 0 0 0 0 0 0 0 0 0 0 0 0 0 0 0 0 0 0 0 0 0 0 0 0 0 0 0 0 0 0 0 0 0 0 0 0 0 0 0 0 0 0 0 0 0 0 0 0 0 0 0 0 0 0 0 0 0 0 0 0 0 0 0 0 0 0 0 0 0 0 0 0 0 0 0 0 0 0 0 0 0 0 0 0 0 0 0 0 0 0 0 0 0 0 0 0 0 0 0 0 0 0 0 0 0 0 0 0 0 0 0 0 0 0 0 0 0 0 0 0 0 0 0 0 0 0 0 0 0 0 0 0 0 0 0 0 0 0 0 0 0 0 0 0 0 0 0 0 0 0 0 0 0 0 0 0 0 0 2 0 0 177 224 1 0 1 0 0 0 0 0 0 0 0 0 0 0 0 0 0 0 248 3 0 0 248 31 0 0 2 0 0 0 0 0 9 0 2 0 0 0 0 0 0 0 88 0 0 0 254 255 255 255 7 0 4 0 0 0 0 0 data 20 0x40007 0x0 0x58 0x3c16 0xb0007 0x0 0x38 0x3c16 0xf0003 0x3c16 0x18 0x0 0x0 0x0 0x0 0x0 0x0 0x9 0x1 0x0 oops 0 methods 0
ciMethodData java/nio/CharBuffer hasArray ()Z 2 15894 orig 320 144 166 20 154 252 127 0 0 48 96 252 84 193 1 0 0 216 1 0 0 0 0 0 0 0 0 0 0 0 0 0 0 0 0 0 0 0 0 0 0 0 0 0 0 0 0 0 0 0 0 0 0 0 0 0 0 0 0 0 0 0 0 0 0 0 0 0 0 0 0 0 0 0 77 68 79 32 101 120 116 114 97 32 100 97 116 97 32 108 111 99 107 0 0 0 0 0 0 0 0 0 0 0 0 0 0 0 0 0 0 0 0 0 0 0 0 0 0 0 0 0 0 0 0 0 0 0 0 0 0 0 0 0 0 0 0 0 0 0 0 0 0 0 0 0 0 0 0 0 0 0 0 0 0 0 0 0 0 0 0 0 0 0 0 0 0 0 0 0 0 0 0 0 0 0 0 0 0 0 0 0 0 0 0 0 0 0 0 0 0 0 0 0 0 0 0 0 0 0 0 0 0 0 0 0 0 0 0 0 0 0 0 0 0 0 0 0 0 0 0 0 0 0 0 0 0 0 0 0 0 0 0 0 0 0 0 0 0 0 0 0 0 0 0 0 0 0 0 0 0 0 0 0 0 0 0 0 2 0 0 177 224 1 0 1 0 0 0 0 0 0 0 0 0 0 0 0 0 0 0 248 3 0 0 248 31 0 0 2 0 0 0 0 0 9 0 2 0 0 0 0 0 0 0 88 0 0 0 254 255 255 255 7 0 4 0 0 0 0 0 data 20 0x40007 0x0 0x58 0x3c16 0xb0007 0x0 0x38 0x3c16 0xf0003 0x3c16 0x18 0x0 0x0 0x0 0x0 0x0 0x0 0x9 0x1 0x0 oops 0 methods 0
ciMethodData java/nio/CharBuffer <init> (IIII[CI)V 2 15885 orig 320 144 166 20 154 252 127 0 0 128 77 252 84 193 1 0 0 176 1 0 0 0 0 0 0 0 0 0 0 0 0 0 0 0 0 0 0 0 0 0 0 0 0 0 0 0 0 0 0 0 0 0 0 0 0 0 0 0 0 0 0 0 0 0 0 0 0 0 0 0 0 0 0 0 77 68 79 32 101 120 116 114 97 32 100 97 116 97 32 108 111 99 107 0 0 0 0 0 0 0 0 0 0 0 0 0 0 0 0 0 0 0 0 0 0 0 0 0 0 0 0 0 0 0 0 0 0 0 0 0 0 0 0 0 0 0 0 0 0 0 0 0 0 0 0 0 0 0 0 0 0 0 0 0 0 0 0 0 0 0 0 0 0 0 0 0 0 0 0 0 0 0 0 0 0 0 0 0 0 0 0 0 0 0 0 0 0 0 0 0 0 0 0 0 0 0 0 0 0 0 0 0 0 0 0 0 0 0 0 0 0 0 0 0 0 0 0 0 0 0 0 0 0 0 0 17 0 0 0 0 0 0 0 0 0 0 0 0 0 0 0 0 0 0 0 0 0 0 0 0 0 0 0 0 0 0 0 0 2 0 0 105 224 1 0 1 0 0 0 0 0 0 0 0 0 0 0 0 0 0 0 248 3 0 0 248 31 0 0 2 0 0 0 0 0 3 0 2 0 0 0 0 0 0 0 16 0 0 0 254 255 255 255 2 0 6 0 0 0 0 0 data 15 0x60002 0x3c0d 0x0 0x0 0x0 0x0 0x9 0x7 0xffffffffffffffff 0x0 0x0 0x0 0x0 0x0 0x0 oops 0 methods 0
ciMethodData java/nio/CharBuffer limit (I)Ljava/nio/Buffer; 2 15885 orig 320 144 166 20 154 252 127 0 0 8 122 252 84 193 1 0 0 192 1 0 0 0 0 0 0 0 0 0 0 0 0 0 0 0 0 0 0 0 0 0 0 0 0 0 0 0 0 0 0 0 0 0 0 0 0 0 0 0 0 0 0 0 0 0 0 0 0 0 0 0 0 0 0 0 77 68 79 32 101 120 116 114 97 32 100 97 116 97 32 108 111 99 107 0 0 0 0 0 0 0 0 0 0 0 0 0 0 0 0 0 0 0 0 0 0 0 0 0 0 0 0 0 0 0 0 0 0 0 0 0 0 0 0 0 0 0 0 0 0 0 0 0 0 0 0 0 0 0 0 0 0 0 0 0 0 0 0 0 0 0 0 0 0 0 0 0 0 0 0 0 0 0 0 0 0 0 0 0 0 0 0 0 0 0 0 0 0 0 0 0 0 0 0 0 0 0 0 0 0 0 0 0 0 0 0 0 0 0 0 0 0 0 0 0 0 0 0 0 0 0 0 0 0 0 0 0 0 0 0 0 0 0 0 0 0 0 0 0 0 0 0 0 0 0 0 0 0 0 0 0 0 0 0 0 0 0 0 0 2 0 0 105 224 1 0 1 0 0 0 0 0 0 0 0 0 0 0 0 0 0 0 248 3 0 0 248 31 0 0 2 0 0 0 0 0 3 0 2 0 0 0 0 0 0 0 56 0 0 0 254 255 255 255 5 0 2 0 0 0 0 0 data 17 0x20005 0x3c0d 0x0 0x0 0x0 0x0 0x0 0x0 0x0 0x0 0x0 0x0 0x0 0x9 0x2 0x0 0x0 oops 0 methods 0
ciMethodData java/nio/CharBuffer limit (I)Ljava/nio/CharBuffer; 2 15885 orig 320 144 166 20 154 252 127 0 0 64 99 252 84 193 1 0 0 128 1 0 0 0 0 0 0 0 0 0 0 0 0 0 0 0 0 0 0 0 0 0 0 0 0 0 0 0 0 0 0 0 0 0 0 0 0 0 0 0 0 0 0 0 0 0 0 0 0 0 0 0 0 0 0 0 77 68 79 32 101 120 116 114 97 32 100 97 116 97 32 108 111 99 107 0 0 0 0 0 0 0 0 0 0 0 0 0 0 0 0 0 0 0 0 0 0 0 0 0 0 0 0 0 0 0 0 0 0 0 0 0 0 0 0 0 0 0 0 0 0 0 0 0 0 0 0 0 0 0 0 0 0 0 0 0 0 0 0 0 0 0 0 0 0 0 0 0 0 0 0 0 0 0 0 0 0 0 0 0 0 0 0 0 0 0 0 0 0 0 0 0 0 0 0 0 0 0 0 0 0 0 0 0 0 0 0 0 0 0 0 0 0 0 0 0 0 0 0 0 0 0 0 0 0 0 0 19 0 0 0 0 0 0 0 0 0 0 0 0 0 0 0 0 0 0 0 0 0 0 0 1 0 0 0 0 0 0 0 0 2 0 0 105 224 1 0 1 0 0 0 0 0 0 0 0 0 0 0 0 0 0 0 248 3 0 0 248 31 0 0 2 0 0 0 0 0 3 0 2 0 0 0 0 0 0 0 16 0 0 0 254 255 255 255 2 0 2 0 0 0 0 0 data 9 0x20002 0x3c0d 0x0 0x0 0x0 0x9 0x2 0x1e 0x0 oops 0 methods 0
ciMethodData java/nio/CharBuffer wrap ([CII)Ljava/nio/CharBuffer; 2 15884 orig 320 144 166 20 154 252 127 0 0 168 80 252 84 193 1 0 0 160 1 0 0 0 0 0 0 0 0 0 0 0 0 0 0 0 0 0 0 0 0 0 0 0 0 0 0 0 0 0 0 0 0 0 0 0 0 0 0 0 0 0 0 0 0 0 0 0 0 0 0 0 0 0 0 0 77 68 79 32 101 120 116 114 97 32 100 97 116 97 32 108 111 99 107 0 0 0 0 0 0 0 0 0 0 0 0 0 0 0 0 0 0 0 0 0 0 0 0 0 0 0 0 0 0 0 0 0 0 0 0 0 0 0 0 0 0 0 0 0 0 0 0 0 0 0 0 0 0 0 0 0 0 0 0 0 0 0 0 0 0 0 0 0 0 0 0 0 0 0 0 0 0 0 0 0 0 0 0 0 0 0 0 0 0 0 0 0 0 0 0 0 0 0 0 0 0 0 0 0 0 0 0 0 0 0 0 0 0 0 0 0 0 0 0 0 0 0 0 0 0 0 0 0 0 0 0 0 0 0 0 0 0 0 0 0 0 0 0 0 0 0 0 0 0 0 0 0 0 0 0 0 0 0 0 0 0 0 0 0 2 0 0 97 224 1 0 1 0 0 0 0 0 0 0 0 0 0 0 0 0 0 0 248 3 0 0 248 31 0 0 2 0 0 0 0 0 5 0 2 0 0 0 0 0 0 0 32 0 0 0 254 255 255 255 2 0 7 0 0 0 0 0 data 13 0x70002 0x3c0c 0x100002 0x0 0x0 0x0 0x0 0x0 0x9 0x3 0x0 0x0 0x0 oops 0 methods 0
ciMethodData java/nio/HeapCharBuffer <init> ([CII)V 2 15884 orig 320 144 166 20 154 252 127 0 0 104 146 252 84 193 1 0 0 152 1 0 0 0 0 0 0 0 0 0 0 0 0 0 0 0 0 0 0 0 0 0 0 0 0 0 0 0 0 0 0 0 0 0 0 0 0 0 0 0 0 0 0 0 0 0 0 0 0 0 0 0 0 0 0 0 77 68 79 32 101 120 116 114 97 32 100 97 116 97 32 108 111 99 107 0 0 0 0 0 0 0 0 0 0 0 0 0 0 0 0 0 0 0 0 0 0 0 0 0 0 0 0 0 0 0 0 0 0 0 0 0 0 0 0 0 0 0 0 0 0 0 0 0 0 0 0 0 0 0 0 0 0 0 0 0 0 0 0 0 0 0 0 0 0 0 0 0 0 0 0 0 0 0 0 0 0 0 0 0 0 0 0 0 0 0 0 0 0 0 0 0 0 0 0 0 0 0 0 0 0 0 0 0 0 0 0 0 0 0 0 0 0 0 0 0 0 0 0 0 0 0 0 0 0 0 0 0 0 0 0 0 0 0 0 0 0 0 0 0 0 0 0 0 0 0 0 0 0 0 0 0 0 0 0 0 0 0 0 0 2 0 0 97 224 1 0 1 0 0 0 0 0 0 0 0 0 0 0 0 0 0 0 248 3 0 0 248 31 0 0 2 0 0 0 0 0 3 0 2 0 0 0 0 0 0 0 16 0 0 0 254 255 255 255 2 0 10 0 0 0 0 0 data 12 0xa0002 0x3c0c 0x0 0x0 0x0 0x0 0x9 0x4 0x0 0x0 0x0 0x0 oops 0 methods 0
ciMethodData java/nio/Buffer remaining ()I 1 87 orig 320 144 166 20 154 252 127 0 0 0 225 194 84 193 1 0 0 112 1 0 0 0 0 0 0 0 0 0 0 0 0 0 0 0 0 0 0 0 0 0 0 0 0 0 0 0 0 0 0 0 0 0 0 0 0 0 0 0 0 0 0 0 0 0 0 0 0 0 0 0 0 0 0 0 77 68 79 32 101 120 116 114 97 32 100 97 116 97 32 108 111 99 107 0 0 0 0 0 0 0 0 0 0 0 0 0 0 0 0 0 0 0 0 0 0 0 0 0 0 0 0 0 0 0 0 0 0 0 0 0 0 0 0 0 0 0 0 0 0 0 0 0 0 0 0 0 0 0 0 0 0 0 0 0 0 0 0 0 0 0 0 0 0 0 0 0 0 0 0 0 0 0 0 0 0 0 0 0 0 0 0 0 0 0 0 0 0 0 0 0 0 0 0 0 0 0 0 0 0 0 0 0 0 0 0 0 0 0 0 0 0 0 0 0 0 0 0 0 0 0 0 0 0 0 0 1 0 0 0 0 0 0 0 0 0 0 0 0 0 0 0 1 0 0 0 0 0 0 0 0 0 0 0 0 0 0 0 76 0 0 0 89 0 0 0 1 0 0 0 0 0 0 0 0 0 0 0 0 0 0 0 248 3 0 0 248 31 0 0 2 0 0 0 0 0 0 0 0 0 0 0 0 0 0 0 0 0 0 0 254 255 255 255 0 0 0 0 0 0 0 0 data 7 0x0 0x0 0x0 0x0 0x9 0x1 0x0 oops 0 methods 0
ciMethodData sun/nio/cs/StreamDecoder readBytes ()I 1 14 orig 320 144 166 20 154 252 127 0 0 136 254 251 84 193 1 0 0 0 8 0 0 120 5 0 0 0 0 0 0 0 0 0 0 0 0 0 0 0 0 0 0 0 0 0 0 0 0 0 0 0 0 0 0 0 0 0 0 0 0 0 0 0 0 0 0 0 0 0 0 0 0 0 0 0 77 68 79 32 101 120 116 114 97 32 100 97 116 97 32 108 111 99 107 0 0 0 0 0 0 0 0 0 0 0 0 0 0 0 0 0 0 0 0 0 0 0 0 0 0 0 0 0 0 0 0 0 0 0 0 0 0 0 0 0 0 0 0 0 0 0 0 0 0 0 0 0 0 0 0 0 0 0 0 0 0 0 0 0 0 0 0 0 0 0 0 0 0 0 0 0 0 0 0 0 0 0 0 0 0 0 0 0 0 0 0 0 0 0 0 0 0 0 0 0 0 0 0 0 0 0 0 0 0 0 0 0 0 0 0 0 0 0 0 0 0 0 0 0 0 0 0 0 0 0 0 0 0 0 0 0 0 0 0 0 0 0 0 0 0 0 0 0 0 0 0 0 0 0 0 0 0 0 0 0 0 0 0 10 0 0 0 33 0 0 0 1 0 0 0 0 0 0 0 0 0 0 0 0 0 0 0 248 3 0 0 248 31 0 0 2 0 0 0 0 0 0 0 0 0 0 0 0 0 0 0 56 6 0 0 254 255 255 255 5 0 4 0 0 0 0 0 data 217 0x40005 0x0 0x0 0x1c156ac7cf0 0x4 0x0 0x0 0xc0007 0x4 0xc8 0x0 0x170005 0x0 0x0 0x0 0x0 0x0 0x0 0x1e0007 0x0 0x58 0x0 0x270005 0x0 0x0 0x0 0x0 0x0 0x0 0x2d0003 0x0 0x440 0x340005 0x4 0x0 0x0 0x0 0x0 0x0 0x3c0005 0x4 0x0 0x0 0x0 0x0 0x0 0x430007 0x4 0x50 0x0 0x480007 0x0 0x30 0x0 0x4f0002 0x0 0x550007 0x0 0x38 0x4 0x5b0003 0x4 0x18 0x630007 0x4 0x50 0x0 0x670007 0x0 0x30 0x0 0x6e0002 0x0 0x7a0005 0x4 0x0 0x0 0x0 0x0 0x0 0x810005 0x4 0x0 0x0 0x0 0x0 0x0 0x870005 0x0 0x0 0x1c156b4ac20 0x4 0x0 0x0 0x8e0007 0x3 0x58 0x1 0x990005 0x0 0x0 0x1c156ac7cf0 0x1 0x0 0x0 0xa20007 0x3 0x30 0x0 0xab0002 0x0 0xb20007 0x3 0x178 0x0 0xb80007 0x0 0x158 0x0 0xc30002 0x0 0xc80005 0x0 0x0 0x0 0x0 0x0 0x0 0xcd0005 0x0 0x0 0x0 0x0 0x0 0x0 0xd20005 0x0 0x0 0x0 0x0 0x0 0x0 0xd60005 0x0 0x0 0x0 0x0 0x0 0x0 0xd90005 0x0 0x0 0x0 0x0 0x0 0x0 0xdc0002 0x0 0xe80005 0x0 0x0 0x1c156ac7cf0 0x3 0x0 0x0 0xf00005 0x0 0x0 0x1c156ac7cf0 0x3 0x0 0x0 0xf40003 0x3 0x50 0xfd0005 0x0 0x0 0x0 0x0 0x0 0x0 0x1080005 0x3 0x0 0x0 0x0 0x0 0x0 0x10f0007 0x3 0x50 0x0 0x1130007 0x0 0x30 0x0 0x11b0002 0x0 0x0 0x0 0x0 0x0 0x0 0x0 0x0 0x0 0x0 0x0 0x0 0x0 0x0 0x0 0x0 0x9 0x1 0x0 oops 5 3 java/nio/HeapByteBuffer 90 java/io/BufferedInputStream 101 java/nio/HeapByteBuffer 161 java/nio/HeapByteBuffer 168 java/nio/HeapByteBuffer methods 0
ciMethodData java/nio/charset/CharsetDecoder reset ()Ljava/nio/charset/CharsetDecoder; 1 4 orig 320 144 166 20 154 252 127 0 0 176 160 227 84 193 1 0 0 184 1 0 0 0 0 0 0 0 0 0 0 0 0 0 0 0 0 0 0 0 0 0 0 0 0 0 0 0 0 0 0 0 0 0 0 0 0 0 0 0 0 0 0 0 0 0 0 0 0 0 0 0 0 0 0 0 77 68 79 32 101 120 116 114 97 32 100 97 116 97 32 108 111 99 107 0 0 0 0 0 0 0 0 0 0 0 0 0 0 0 0 0 0 0 0 0 0 0 0 0 0 0 0 0 0 0 0 0 0 0 0 0 0 0 0 0 0 0 0 0 0 0 0 0 0 0 0 0 0 0 0 0 0 0 0 0 0 0 0 0 0 0 0 0 0 0 0 0 0 0 0 0 0 0 0 0 0 0 0 0 0 0 0 0 0 0 0 0 0 0 0 0 0 0 0 0 0 0 0 0 0 0 0 0 0 0 0 0 0 0 0 0 0 0 0 0 0 0 0 0 0 0 0 0 0 0 0 0 0 0 0 0 0 0 0 0 0 0 0 0 0 0 0 0 0 0 0 0 0 0 0 0 0 0 0 0 0 0 0 3 0 0 0 9 0 0 0 1 0 0 0 0 0 0 0 0 0 0 0 0 0 0 0 248 3 0 0 248 31 0 0 2 0 0 0 0 0 0 0 0 0 0 0 0 0 0 0 56 0 0 0 254 255 255 255 5 0 1 0 0 0 0 0 data 16 0x10005 0x0 0x0 0x1c156a910e0 0x1 0x0 0x0 0x0 0x0 0x0 0x0 0x0 0x0 0x9 0x1 0x0 oops 1 3 sun/nio/cs/UTF_8$Decoder methods 0
ciMethodData java/nio/charset/CharsetDecoder implReset ()V 1 4 orig 320 144 166 20 154 252 127 0 0 88 161 227 84 193 1 0 0 88 1 0 0 0 0 0 0 0 0 0 0 0 0 0 0 0 0 0 0 0 0 0 0 0 0 0 0 0 0 0 0 0 0 0 0 0 0 0 0 0 0 0 0 0 0 0 0 0 0 0 0 0 0 0 0 0 77 68 79 32 101 120 116 114 97 32 100 97 116 97 32 108 111 99 107 0 0 0 0 0 0 0 0 0 0 0 0 0 0 0 0 0 0 0 0 0 0 0 0 0 0 0 0 0 0 0 0 0 0 0 0 0 0 0 0 0 0 0 0 0 0 0 0 0 0 0 0 0 0 0 0 0 0 0 0 0 0 0 0 0 0 0 0 0 0 0 0 0 0 0 0 0 0 0 0 0 0 0 0 0 0 0 0 0 0 0 0 0 0 0 0 0 0 0 0 0 0 0 0 0 0 0 0 0 0 0 0 0 0 0 0 0 0 0 0 0 0 0 0 0 0 0 0 0 0 0 0 1 0 0 0 0 0 0 0 1 0 0 0 0 0 0 0 1 0 0 0 0 0 0 0 0 0 0 0 0 0 0 0 3 0 0 0 9 0 0 0 1 0 0 0 0 0 0 0 0 0 0 0 0 0 0 0 248 3 0 0 248 31 0 0 2 0 0 0 0 0 0 0 0 0 0 0 0 0 0 0 0 0 0 0 254 255 255 255 0 0 0 0 0 0 0 0 data 4 0x0 0x9 0x1 0x0 oops 0 methods 0
ciMethodData java/nio/charset/CoderResult isMalformed ()Z 1 0 orig 320 144 166 20 154 252 127 0 0 176 190 252 84 193 1 0 0 160 1 0 0 0 0 0 0 0 0 0 0 0 0 0 0 0 0 0 0 0 0 0 0 0 0 0 0 0 0 0 0 0 0 0 0 0 0 0 0 0 0 0 0 0 0 0 0 0 0 0 0 0 0 0 0 0 77 68 79 32 101 120 116 114 97 32 100 97 116 97 32 108 111 99 107 0 0 0 0 0 0 0 0 0 0 0 0 0 0 0 0 0 0 0 0 0 0 0 0 0 0 0 0 0 0 0 0 0 0 0 0 0 0 0 0 0 0 0 0 0 0 0 0 0 0 0 0 0 0 0 0 0 0 0 0 0 0 0 0 0 0 0 0 0 0 0 0 0 0 0 0 0 0 0 0 0 0 0 0 0 0 0 0 0 0 0 0 0 0 0 0 0 0 0 0 0 0 0 0 0 0 0 0 0 0 0 0 0 0 0 0 0 0 0 0 0 0 0 0 0 0 0 0 0 0 0 0 1 0 0 0 0 0 0 0 0 0 0 0 0 0 0 0 1 0 0 0 0 0 0 0 0 0 0 0 0 0 0 0 0 0 0 0 1 0 0 0 1 0 0 0 0 0 0 0 0 0 0 0 0 0 0 0 248 3 0 0 248 31 0 0 2 0 0 0 0 0 0 0 0 0 0 0 0 0 0 0 56 0 0 0 254 255 255 255 7 0 5 0 0 0 0 0 data 13 0x50007 0x0 0x38 0x0 0x90003 0x0 0x18 0x0 0x0 0x0 0x9 0x1 0x0 oops 0 methods 0
ciMethodData java/nio/charset/CoderResult isUnmappable ()Z 1 0 orig 320 144 166 20 154 252 127 0 0 104 191 252 84 193 1 0 0 160 1 0 0 0 0 0 0 0 0 0 0 0 0 0 0 0 0 0 0 0 0 0 0 0 0 0 0 0 0 0 0 0 0 0 0 0 0 0 0 0 0 0 0 0 0 0 0 0 0 0 0 0 0 0 0 0 77 68 79 32 101 120 116 114 97 32 100 97 116 97 32 108 111 99 107 0 0 0 0 0 0 0 0 0 0 0 0 0 0 0 0 0 0 0 0 0 0 0 0 0 0 0 0 0 0 0 0 0 0 0 0 0 0 0 0 0 0 0 0 0 0 0 0 0 0 0 0 0 0 0 0 0 0 0 0 0 0 0 0 0 0 0 0 0 0 0 0 0 0 0 0 0 0 0 0 0 0 0 0 0 0 0 0 0 0 0 0 0 0 0 0 0 0 0 0 0 0 0 0 0 0 0 0 0 0 0 0 0 0 0 0 0 0 0 0 0 0 0 0 0 0 0 0 0 0 0 0 1 0 0 0 0 0 0 0 0 0 0 0 0 0 0 0 1 0 0 0 0 0 0 0 0 0 0 0 0 0 0 0 0 0 0 0 1 0 0 0 1 0 0 0 0 0 0 0 0 0 0 0 0 0 0 0 248 3 0 0 248 31 0 0 2 0 0 0 0 0 0 0 0 0 0 0 0 0 0 0 56 0 0 0 254 255 255 255 7 0 5 0 0 0 0 0 data 13 0x50007 0x0 0x38 0x0 0x90003 0x0 0x18 0x0 0x0 0x0 0x9 0x1 0x0 oops 0 methods 0
ciMethodData java/nio/CharBuffer put (Ljava/lang/String;)Ljava/nio/CharBuffer; 1 0 orig 320 144 166 20 154 252 127 0 0 120 95 252 84 193 1 0 0 248 1 0 0 0 0 0 0 0 0 0 0 0 0 0 0 0 0 0 0 0 0 0 0 0 0 0 0 0 0 0 0 0 0 0 0 0 0 0 0 0 0 0 0 0 0 0 0 0 0 0 0 0 0 0 0 0 77 68 79 32 101 120 116 114 97 32 100 97 116 97 32 108 111 99 107 0 0 0 0 0 0 0 0 0 0 0 0 0 0 0 0 0 0 0 0 0 0 0 0 0 0 0 0 0 0 0 0 0 0 0 0 0 0 0 0 0 0 0 0 0 0 0 0 0 0 0 0 0 0 0 0 0 0 0 0 0 0 0 0 0 0 0 0 0 0 0 0 0 0 0 0 0 0 0 0 0 0 0 0 0 0 0 0 0 0 0 0 0 0 0 0 0 0 0 0 0 0 0 0 0 0 0 0 0 0 0 0 0 0 0 0 0 0 0 0 0 0 0 0 0 0 0 0 0 0 0 0 0 0 0 0 0 0 0 0 0 0 0 0 0 0 0 0 0 0 0 0 0 0 0 0 0 0 0 0 0 0 0 0 0 0 0 0 1 0 0 0 1 0 0 0 0 0 0 0 0 0 0 0 0 0 0 0 248 3 0 0 248 31 0 0 2 0 0 0 0 0 0 0 0 0 0 0 0 0 0 0 112 0 0 0 254 255 255 255 5 0 4 0 0 0 0 0 data 24 0x40005 0x0 0x0 0x0 0x0 0x0 0x0 0x70005 0x0 0x0 0x0 0x0 0x0 0x0 0x0 0x0 0x0 0x0 0x0 0x0 0x9 0x2 0x0 0x0 oops 0 methods 0
ciMethodData java/nio/CharBuffer put (Ljava/lang/String;II)Ljava/nio/CharBuffer; 1 0 orig 320 144 166 20 154 252 127 0 0 184 94 252 84 193 1 0 0 88 3 0 0 8 1 0 0 0 0 0 0 0 0 0 0 0 0 0 0 0 0 0 0 0 0 0 0 0 0 0 0 0 0 0 0 0 0 0 0 0 0 0 0 0 0 0 0 0 0 0 0 0 0 0 0 0 77 68 79 32 101 120 116 114 97 32 100 97 116 97 32 108 111 99 107 0 0 0 0 0 0 0 0 0 0 0 0 0 0 0 0 0 0 0 0 0 0 0 0 0 0 0 0 0 0 0 0 0 0 0 0 0 0 0 0 0 0 0 0 0 0 0 0 0 0 0 0 0 0 0 0 0 0 0 0 0 0 0 0 0 0 0 0 0 0 0 0 0 0 0 0 0 0 0 0 0 0 0 0 0 0 0 0 0 0 0 0 0 0 0 0 0 0 0 0 0 0 0 0 0 0 0 0 0 0 0 0 0 0 0 0 0 0 0 0 0 0 0 0 0 0 0 0 0 0 0 0 27 0 0 0 0 0 0 0 0 0 0 0 0 0 0 0 2 0 0 0 0 0 0 0 1 0 0 0 0 0 0 0 0 0 0 0 1 0 0 0 1 0 0 0 0 0 0 0 0 0 0 0 0 0 0 0 248 3 0 0 248 31 0 0 2 0 0 0 0 0 0 0 0 0 0 0 0 0 0 0 192 1 0 0 254 255 255 255 5 0 5 0 0 0 0 0 data 68 0x50005 0x0 0x0 0x0 0x0 0x0 0x0 0x80002 0x0 0xc0005 0x0 0x0 0x0 0x0 0x0 0x0 0xf0007 0x0 0x30 0x0 0x160002 0x0 0x1e0005 0x0 0x0 0x0 0x0 0x0 0x0 0x210007 0x0 0x30 0x0 0x280002 0x0 0x320007 0x0 0xa8 0x0 0x390005 0x0 0x0 0x0 0x0 0x0 0x0 0x3c0005 0x0 0x0 0x0 0x0 0x0 0x0 0x430003 0x0 0xffffffffffffff70 0x0 0x0 0x0 0x0 0x0 0x0 0x9 0x4 0xffffffffffffffff 0x0 0x0 0x0 oops 0 methods 0
ciMethodData java/nio/charset/CoderResult length ()I 1 0 orig 320 144 166 20 154 252 127 0 0 40 192 252 84 193 1 0 0 232 1 0 0 0 0 0 0 0 0 0 0 0 0 0 0 0 0 0 0 0 0 0 0 0 0 0 0 0 0 0 0 0 0 0 0 0 0 0 0 0 0 0 0 0 0 0 0 0 0 0 0 0 0 0 0 0 77 68 79 32 101 120 116 114 97 32 100 97 116 97 32 108 111 99 107 0 0 0 0 0 0 0 0 0 0 0 0 0 0 0 0 0 0 0 0 0 0 0 0 0 0 0 0 0 0 0 0 0 0 0 0 0 0 0 0 0 0 0 0 0 0 0 0 0 0 0 0 0 0 0 0 0 0 0 0 0 0 0 0 0 0 0 0 0 0 0 0 0 0 0 0 0 0 0 0 0 0 0 0 0 0 0 0 0 0 0 0 0 0 0 0 0 0 0 0 0 0 0 0 0 0 0 0 0 0 0 0 0 0 0 0 0 0 0 0 0 0 0 0 0 0 0 0 0 0 0 0 0 0 0 0 0 0 0 0 0 0 0 0 0 0 0 0 0 0 0 0 0 0 0 0 0 0 0 0 0 0 0 0 0 0 0 0 1 0 0 0 1 0 0 0 0 0 0 0 0 0 0 0 0 0 0 0 248 3 0 0 248 31 0 0 2 0 0 0 0 0 0 0 0 0 0 0 0 0 0 0 104 0 0 0 254 255 255 255 5 0 1 0 0 0 0 0 data 22 0x10005 0x0 0x0 0x0 0x0 0x0 0x0 0x40007 0x0 0x30 0x0 0xb0002 0x0 0x0 0x0 0x0 0x0 0x0 0x0 0x9 0x1 0x0 oops 0 methods 0
ciMethodData java/nio/charset/CoderResult isError ()Z 1 0 orig 320 144 166 20 154 252 127 0 0 248 189 252 84 193 1 0 0 160 1 0 0 0 0 0 0 0 0 0 0 0 0 0 0 0 0 0 0 0 0 0 0 0 0 0 0 0 0 0 0 0 0 0 0 0 0 0 0 0 0 0 0 0 0 0 0 0 0 0 0 0 0 0 0 0 77 68 79 32 101 120 116 114 97 32 100 97 116 97 32 108 111 99 107 0 0 0 0 0 0 0 0 0 0 0 0 0 0 0 0 0 0 0 0 0 0 0 0 0 0 0 0 0 0 0 0 0 0 0 0 0 0 0 0 0 0 0 0 0 0 0 0 0 0 0 0 0 0 0 0 0 0 0 0 0 0 0 0 0 0 0 0 0 0 0 0 0 0 0 0 0 0 0 0 0 0 0 0 0 0 0 0 0 0 0 0 0 0 0 0 0 0 0 0 0 0 0 0 0 0 0 0 0 0 0 0 0 0 0 0 0 0 0 0 0 0 0 0 0 0 0 0 0 0 0 0 1 0 0 0 0 0 0 0 0 0 0 0 0 0 0 0 1 0 0 0 0 0 0 0 0 0 0 0 0 0 0 0 0 0 0 0 1 0 0 0 1 0 0 0 0 0 0 0 0 0 0 0 0 0 0 0 248 3 0 0 248 31 0 0 2 0 0 0 0 0 0 0 0 0 0 0 0 0 0 0 56 0 0 0 254 255 255 255 7 0 5 0 0 0 0 0 data 13 0x50007 0x0 0x38 0x0 0x90003 0x0 0x18 0x0 0x0 0x0 0x9 0x1 0x0 oops 0 methods 0
compile sun/nio/cs/StreamDecoder read0 ()I -1 4 inline 60 0 -1 sun/nio/cs/StreamDecoder read0 ()I 1 34 sun/nio/cs/StreamDecoder read ([CII)I 2 15 sun/nio/cs/StreamDecoder ensureOpen ()V 2 128 sun/nio/cs/StreamDecoder read0 ()I 3 34 sun/nio/cs/StreamDecoder read ([CII)I 4 15 sun/nio/cs/StreamDecoder ensureOpen ()V 4 180 sun/nio/cs/StreamDecoder implRead ([CII)I 5 26 java/nio/CharBuffer wrap ([CII)Ljava/nio/CharBuffer; 6 7 java/nio/HeapCharBuffer <init> ([CII)V 7 10 java/nio/CharBuffer <init> (IIII[CI)V 8 6 java/nio/Buffer <init> (IIII)V 9 1 java/lang/Object <init> ()V 9 33 java/nio/CharBuffer limit (I)Ljava/nio/Buffer; 10 2 java/nio/CharBuffer limit (I)Ljava/nio/CharBuffer; 9 39 java/nio/CharBuffer position (I)Ljava/nio/Buffer; 10 2 java/nio/CharBuffer position (I)Ljava/nio/CharBuffer; 5 33 java/nio/Buffer position ()I 5 61 java/nio/charset/CharsetDecoder decode (Ljava/nio/ByteBuffer;Ljava/nio/CharBuffer;Z)Ljava/nio/charset/CoderResult; 6 57 sun/nio/cs/UTF_8$Decoder decodeLoop (Ljava/nio/ByteBuffer;Ljava/nio/CharBuffer;)Ljava/nio/charset/CoderResult; 7 1 java/nio/ByteBuffer hasArray ()Z 7 8 java/nio/CharBuffer hasArray ()Z 6 91 java/nio/charset/CoderResult isOverflow ()Z 6 102 java/nio/charset/CoderResult isUnderflow ()Z 6 254 java/nio/Buffer position ()I 5 68 java/nio/charset/CoderResult isUnderflow ()Z 5 84 java/nio/Buffer hasRemaining ()Z 5 95 java/nio/Buffer position ()I 5 127 java/nio/Buffer position ()I 5 137 java/nio/Buffer hasRemaining ()Z 5 159 java/nio/charset/CoderResult isOverflow ()Z 5 210 java/nio/Buffer position ()I 5 239 java/nio/Buffer position ()I 2 180 sun/nio/cs/StreamDecoder implRead ([CII)I 3 26 java/nio/CharBuffer wrap ([CII)Ljava/nio/CharBuffer; 4 7 java/nio/HeapCharBuffer <init> ([CII)V 5 10 java/nio/CharBuffer <init> (IIII[CI)V 6 6 java/nio/Buffer <init> (IIII)V 7 1 java/lang/Object <init> ()V 7 33 java/nio/CharBuffer limit (I)Ljava/nio/Buffer; 8 2 java/nio/CharBuffer limit (I)Ljava/nio/CharBuffer; 9 2 java/nio/Buffer limit (I)Ljava/nio/Buffer; 7 39 java/nio/CharBuffer position (I)Ljava/nio/Buffer; 8 2 java/nio/CharBuffer position (I)Ljava/nio/CharBuffer; 9 2 java/nio/Buffer position (I)Ljava/nio/Buffer; 3 33 java/nio/Buffer position ()I 3 61 java/nio/charset/CharsetDecoder decode (Ljava/nio/ByteBuffer;Ljava/nio/CharBuffer;Z)Ljava/nio/charset/CoderResult; 4 57 sun/nio/cs/UTF_8$Decoder decodeLoop (Ljava/nio/ByteBuffer;Ljava/nio/CharBuffer;)Ljava/nio/charset/CoderResult; 5 1 java/nio/ByteBuffer hasArray ()Z 5 8 java/nio/CharBuffer hasArray ()Z 4 91 java/nio/charset/CoderResult isOverflow ()Z 4 102 java/nio/charset/CoderResult isUnderflow ()Z 4 254 java/nio/Buffer position ()I 3 68 java/nio/charset/CoderResult isUnderflow ()Z 3 84 java/nio/Buffer hasRemaining ()Z 3 95 java/nio/Buffer position ()I 3 127 java/nio/Buffer position ()I 3 137 java/nio/Buffer hasRemaining ()Z 3 159 java/nio/charset/CoderResult isOverflow ()Z 3 210 java/nio/Buffer position ()I 3 239 java/nio/Buffer position ()I
